split,source_folder,source_group,source_image,output_image,output_label,object_count,categories
train,cup,cup:cup_1,dataset/images/cup/cup_000001.jpg,images/train/cup_cup_000001.jpg,labels/train/cup_cup_000001.txt,1,cup:1
train,cup,cup:cup_1,dataset/images/cup/cup_000002.jpg,images/train/cup_cup_000002.jpg,labels/train/cup_cup_000002.txt,1,cup:1
train,cup,cup:cup_1,dataset/images/cup/cup_000003.jpg,images/train/cup_cup_000003.jpg,labels/train/cup_cup_000003.txt,1,cup:1
train,cup,cup:cup_1,dataset/images/cup/cup_000004.jpg,images/train/cup_cup_000004.jpg,labels/train/cup_cup_000004.txt,1,cup:1
train,cup,cup:cup_1,dataset/images/cup/cup_000005.jpg,images/train/cup_cup_000005.jpg,labels/train/cup_cup_000005.txt,1,cup:1
train,cup,cup:cup_1,dataset/images/cup/cup_000006.jpg,images/train/cup_cup_000006.jpg,labels/train/cup_cup_000006.txt,1,cup:1
train,cup,cup:cup_1,dataset/images/cup/cup_000007.jpg,images/train/cup_cup_000007.jpg,labels/train/cup_cup_000007.txt,1,cup:1
train,cup,cup:cup_1,dataset/images/cup/cup_000008.jpg,images/train/cup_cup_000008.jpg,labels/train/cup_cup_000008.txt,1,cup:1
train,cup,cup:cup_1,dataset/images/cup/cup_000009.jpg,images/train/cup_cup_000009.jpg,labels/train/cup_cup_000009.txt,1,cup:1
train,cup,cup:cup_1,dataset/images/cup/cup_000010.jpg,images/train/cup_cup_000010.jpg,labels/train/cup_cup_000010.txt,1,cup:1
train,cup,cup:cup_1,dataset/images/cup/cup_000021.jpg,images/train/cup_cup_000021.jpg,labels/train/cup_cup_000021.txt,1,cup:1
train,cup,cup:cup_1,dataset/images/cup/cup_000022.jpg,images/train/cup_cup_000022.jpg,labels/train/cup_cup_000022.txt,1,cup:1
train,cup,cup:cup_1,dataset/images/cup/cup_000035.jpg,images/train/cup_cup_000035.jpg,labels/train/cup_cup_000035.txt,1,cup:1
train,cup,cup:cup_1,dataset/images/cup/cup_000036.jpg,images/train/cup_cup_000036.jpg,labels/train/cup_cup_000036.txt,1,cup:1
train,cup,cup:cup_1,dataset/images/cup/cup_000037.jpg,images/train/cup_cup_000037.jpg,labels/train/cup_cup_000037.txt,1,cup:1
train,cup,cup:cup_1,dataset/images/cup/cup_000038.jpg,images/train/cup_cup_000038.jpg,labels/train/cup_cup_000038.txt,1,cup:1
train,cup,cup:cup_1,dataset/images/cup/cup_000039.jpg,images/train/cup_cup_000039.jpg,labels/train/cup_cup_000039.txt,1,cup:1
train,cup,cup:cup_1,dataset/images/cup/cup_000040.jpg,images/train/cup_cup_000040.jpg,labels/train/cup_cup_000040.txt,1,cup:1
train,cup,cup:cup_1,dataset/images/cup/cup_000041.jpg,images/train/cup_cup_000041.jpg,labels/train/cup_cup_000041.txt,1,cup:1
train,cup,cup:cup_1,dataset/images/cup/cup_000042.jpg,images/train/cup_cup_000042.jpg,labels/train/cup_cup_000042.txt,1,cup:1
train,cup,cup:cup_1,dataset/images/cup/cup_000043.jpg,images/train/cup_cup_000043.jpg,labels/train/cup_cup_000043.txt,1,cup:1
train,cup,cup:cup_2_extra,dataset/images/cup/cup2_000001.jpg,images/train/cup_cup2_000001.jpg,labels/train/cup_cup2_000001.txt,1,cup:1
train,cup,cup:cup_2_extra,dataset/images/cup/cup2_000002.jpg,images/train/cup_cup2_000002.jpg,labels/train/cup_cup2_000002.txt,1,cup:1
train,cup,cup:cup_2_extra,dataset/images/cup/cup2_000003.jpg,images/train/cup_cup2_000003.jpg,labels/train/cup_cup2_000003.txt,1,cup:1
train,cup,cup:cup_2_extra,dataset/images/cup/cup2_000004.jpg,images/train/cup_cup2_000004.jpg,labels/train/cup_cup2_000004.txt,1,cup:1
train,cup,cup:cup_2_extra,dataset/images/cup/cup2_000005.jpg,images/train/cup_cup2_000005.jpg,labels/train/cup_cup2_000005.txt,1,cup:1
train,cup,cup:cup_2_extra,dataset/images/cup/cup2_000006.jpg,images/train/cup_cup2_000006.jpg,labels/train/cup_cup2_000006.txt,1,cup:1
train,cup,cup:cup_2_extra,dataset/images/cup/cup2_000007.jpg,images/train/cup_cup2_000007.jpg,labels/train/cup_cup2_000007.txt,1,cup:1
train,cup,cup:cup_2_extra,dataset/images/cup/cup2_000008.jpg,images/train/cup_cup2_000008.jpg,labels/train/cup_cup2_000008.txt,1,cup:1
train,cup,cup:cup_2_extra,dataset/images/cup/cup2_000009.jpg,images/train/cup_cup2_000009.jpg,labels/train/cup_cup2_000009.txt,1,cup:1
train,cup,cup:cup_2_extra,dataset/images/cup/cup2_000010.jpg,images/train/cup_cup2_000010.jpg,labels/train/cup_cup2_000010.txt,1,cup:1
train,cup,cup:cup_2_extra,dataset/images/cup/cup2_000011.jpg,images/train/cup_cup2_000011.jpg,labels/train/cup_cup2_000011.txt,1,cup:1
train,cup,cup:cup_2_extra,dataset/images/cup/cup2_000012.jpg,images/train/cup_cup2_000012.jpg,labels/train/cup_cup2_000012.txt,1,cup:1
train,cup,cup:cup_2_extra,dataset/images/cup/cup2_000025.jpg,images/train/cup_cup2_000025.jpg,labels/train/cup_cup2_000025.txt,1,cup:1
train,cup,cup:cup_2_extra,dataset/images/cup/cup2_000026.jpg,images/train/cup_cup2_000026.jpg,labels/train/cup_cup2_000026.txt,1,cup:1
train,cup,cup:cup_2_extra,dataset/images/cup/cup2_000027.jpg,images/train/cup_cup2_000027.jpg,labels/train/cup_cup2_000027.txt,1,cup:1
train,cup,cup:cup_2_extra,dataset/images/cup/cup2_000028.jpg,images/train/cup_cup2_000028.jpg,labels/train/cup_cup2_000028.txt,1,cup:1
train,cup,cup:cup_2_extra,dataset/images/cup/cup2_000029.jpg,images/train/cup_cup2_000029.jpg,labels/train/cup_cup2_000029.txt,1,cup:1
train,cup,cup:cup_2_extra,dataset/images/cup/cup2_000030.jpg,images/train/cup_cup2_000030.jpg,labels/train/cup_cup2_000030.txt,1,cup:1
train,cup,cup:cup_2_extra,dataset/images/cup/cup2_000031.jpg,images/train/cup_cup2_000031.jpg,labels/train/cup_cup2_000031.txt,1,cup:1
train,cup,cup:cup_2_extra,dataset/images/cup/cup2_000032.jpg,images/train/cup_cup2_000032.jpg,labels/train/cup_cup2_000032.txt,1,cup:1
train,cup,cup:cup_2_extra,dataset/images/cup/cup2_000033.jpg,images/train/cup_cup2_000033.jpg,labels/train/cup_cup2_000033.txt,1,cup:1
train,cup,cup:cup_2_extra,dataset/images/cup/cup2_000034.jpg,images/train/cup_cup2_000034.jpg,labels/train/cup_cup2_000034.txt,1,cup:1
train,cup,cup:cup_2_extra,dataset/images/cup/cup2_000035.jpg,images/train/cup_cup2_000035.jpg,labels/train/cup_cup2_000035.txt,1,cup:1
train,cup,cup:cup_2_extra,dataset/images/cup/cup2_000036.jpg,images/train/cup_cup2_000036.jpg,labels/train/cup_cup2_000036.txt,1,cup:1
train,cup,cup:cup_2_extra,dataset/images/cup/cup2_000037.jpg,images/train/cup_cup2_000037.jpg,labels/train/cup_cup2_000037.txt,1,cup:1
train,cup,cup:cup_2_extra,dataset/images/cup/cup2_000038.jpg,images/train/cup_cup2_000038.jpg,labels/train/cup_cup2_000038.txt,1,cup:1
train,cup,cup:cup_2_extra,dataset/images/cup/cup2_000039.jpg,images/train/cup_cup2_000039.jpg,labels/train/cup_cup2_000039.txt,1,cup:1
train,cup,cup:cup_2_extra,dataset/images/cup/cup2_000040.jpg,images/train/cup_cup2_000040.jpg,labels/train/cup_cup2_000040.txt,1,cup:1
train,cup,cup:cup_2_extra,dataset/images/cup/cup2_000041.jpg,images/train/cup_cup2_000041.jpg,labels/train/cup_cup2_000041.txt,1,cup:1
train,cup,cup:cup_2_extra,dataset/images/cup/cup2_000042.jpg,images/train/cup_cup2_000042.jpg,labels/train/cup_cup2_000042.txt,1,cup:1
train,cup,cup:cup_2_extra,dataset/images/cup/cup2_000049.jpg,images/train/cup_cup2_000049.jpg,labels/train/cup_cup2_000049.txt,1,cup:1
train,cup,cup:cup_2_extra,dataset/images/cup/cup2_000050.jpg,images/train/cup_cup2_000050.jpg,labels/train/cup_cup2_000050.txt,1,cup:1
train,cup,cup:cup_2_extra,dataset/images/cup/cup2_000051.jpg,images/train/cup_cup2_000051.jpg,labels/train/cup_cup2_000051.txt,1,cup:1
train,cup,cup:cup_2_extra,dataset/images/cup/cup2_000052.jpg,images/train/cup_cup2_000052.jpg,labels/train/cup_cup2_000052.txt,1,cup:1
train,cup,cup:cup_2_original,dataset/images/cup/cup_000052.jpg,images/train/cup_cup_000052.jpg,labels/train/cup_cup_000052.txt,1,cup:1
train,cup,cup:cup_2_original,dataset/images/cup/cup_000053.jpg,images/train/cup_cup_000053.jpg,labels/train/cup_cup_000053.txt,1,cup:1
train,cup,cup:cup_2_original,dataset/images/cup/cup_000054.jpg,images/train/cup_cup_000054.jpg,labels/train/cup_cup_000054.txt,1,cup:1
train,cup,cup:cup_2_original,dataset/images/cup/cup_000055.jpg,images/train/cup_cup_000055.jpg,labels/train/cup_cup_000055.txt,1,cup:1
train,cup,cup:cup_2_original,dataset/images/cup/cup_000066.jpg,images/train/cup_cup_000066.jpg,labels/train/cup_cup_000066.txt,1,cup:1
train,cup,cup:cup_2_original,dataset/images/cup/cup_000067.jpg,images/train/cup_cup_000067.jpg,labels/train/cup_cup_000067.txt,1,cup:1
train,cup,cup:cup_2_original,dataset/images/cup/cup_000068.jpg,images/train/cup_cup_000068.jpg,labels/train/cup_cup_000068.txt,1,cup:1
train,cup,cup:cup_2_original,dataset/images/cup/cup_000069.jpg,images/train/cup_cup_000069.jpg,labels/train/cup_cup_000069.txt,1,cup:1
train,cup,cup:cup_2_original,dataset/images/cup/cup_000070.jpg,images/train/cup_cup_000070.jpg,labels/train/cup_cup_000070.txt,1,cup:1
train,cup,cup:cup_2_original,dataset/images/cup/cup_000071.jpg,images/train/cup_cup_000071.jpg,labels/train/cup_cup_000071.txt,1,cup:1
train,cup,cup:cup_2_original,dataset/images/cup/cup_000072.jpg,images/train/cup_cup_000072.jpg,labels/train/cup_cup_000072.txt,1,cup:1
train,cup,cup:cup_2_original,dataset/images/cup/cup_000073.jpg,images/train/cup_cup_000073.jpg,labels/train/cup_cup_000073.txt,1,cup:1
train,cup,cup:cup_2_original,dataset/images/cup/cup_000074.jpg,images/train/cup_cup_000074.jpg,labels/train/cup_cup_000074.txt,1,cup:1
train,cup,cup:cup_2_original,dataset/images/cup/cup_000075.jpg,images/train/cup_cup_000075.jpg,labels/train/cup_cup_000075.txt,1,cup:1
train,cup,cup:cup_2_original,dataset/images/cup/cup_000076.jpg,images/train/cup_cup_000076.jpg,labels/train/cup_cup_000076.txt,1,cup:1
train,cup,cup:cup_2_original,dataset/images/cup/cup_000077.jpg,images/train/cup_cup_000077.jpg,labels/train/cup_cup_000077.txt,1,cup:1
train,cup,cup:cup_3_extra,dataset/images/cup/cup3_000009.jpg,images/train/cup_cup3_000009.jpg,labels/train/cup_cup3_000009.txt,1,cup:1
train,cup,cup:cup_3_extra,dataset/images/cup/cup3_000010.jpg,images/train/cup_cup3_000010.jpg,labels/train/cup_cup3_000010.txt,1,cup:1
train,cup,cup:cup_3_extra,dataset/images/cup/cup3_000011.jpg,images/train/cup_cup3_000011.jpg,labels/train/cup_cup3_000011.txt,1,cup:1
train,cup,cup:cup_3_extra,dataset/images/cup/cup3_000012.jpg,images/train/cup_cup3_000012.jpg,labels/train/cup_cup3_000012.txt,1,cup:1
train,cup,cup:cup_3_extra,dataset/images/cup/cup3_000013.jpg,images/train/cup_cup3_000013.jpg,labels/train/cup_cup3_000013.txt,1,cup:1
train,cup,cup:cup_3_extra,dataset/images/cup/cup3_000014.jpg,images/train/cup_cup3_000014.jpg,labels/train/cup_cup3_000014.txt,1,cup:1
train,cup,cup:cup_3_extra,dataset/images/cup/cup3_000015.jpg,images/train/cup_cup3_000015.jpg,labels/train/cup_cup3_000015.txt,1,cup:1
train,cup,cup:cup_3_extra,dataset/images/cup/cup3_000016.jpg,images/train/cup_cup3_000016.jpg,labels/train/cup_cup3_000016.txt,1,cup:1
train,cup,cup:cup_3_extra,dataset/images/cup/cup3_000017.jpg,images/train/cup_cup3_000017.jpg,labels/train/cup_cup3_000017.txt,1,cup:1
train,cup,cup:cup_3_extra,dataset/images/cup/cup3_000018.jpg,images/train/cup_cup3_000018.jpg,labels/train/cup_cup3_000018.txt,1,cup:1
train,cup,cup:cup_3_extra,dataset/images/cup/cup3_000019.jpg,images/train/cup_cup3_000019.jpg,labels/train/cup_cup3_000019.txt,2,cup:2
train,cup,cup:cup_3_extra,dataset/images/cup/cup3_000020.jpg,images/train/cup_cup3_000020.jpg,labels/train/cup_cup3_000020.txt,2,cup:2
train,cup,cup:cup_3_extra,dataset/images/cup/cup3_000021.jpg,images/train/cup_cup3_000021.jpg,labels/train/cup_cup3_000021.txt,2,cup:2
train,cup,cup:cup_3_extra,dataset/images/cup/cup3_000022.jpg,images/train/cup_cup3_000022.jpg,labels/train/cup_cup3_000022.txt,2,cup:2
train,cup,cup:cup_3_extra,dataset/images/cup/cup3_000023.jpg,images/train/cup_cup3_000023.jpg,labels/train/cup_cup3_000023.txt,2,cup:2
train,cup,cup:cup_3_extra,dataset/images/cup/cup3_000024.jpg,images/train/cup_cup3_000024.jpg,labels/train/cup_cup3_000024.txt,2,cup:2
train,cup,cup:cup_3_extra,dataset/images/cup/cup3_000025.jpg,images/train/cup_cup3_000025.jpg,labels/train/cup_cup3_000025.txt,2,cup:2
train,cup,cup:cup_3_extra,dataset/images/cup/cup3_000026.jpg,images/train/cup_cup3_000026.jpg,labels/train/cup_cup3_000026.txt,2,cup:2
train,cup,cup:cup_3_extra,dataset/images/cup/cup3_000033.jpg,images/train/cup_cup3_000033.jpg,labels/train/cup_cup3_000033.txt,1,cup:1
train,cup,cup:cup_3_extra,dataset/images/cup/cup3_000034.jpg,images/train/cup_cup3_000034.jpg,labels/train/cup_cup3_000034.txt,1,cup:1
train,cup,cup:cup_3_extra,dataset/images/cup/cup3_000035.jpg,images/train/cup_cup3_000035.jpg,labels/train/cup_cup3_000035.txt,1,cup:1
train,cup,cup:cup_3_extra,dataset/images/cup/cup3_000036.jpg,images/train/cup_cup3_000036.jpg,labels/train/cup_cup3_000036.txt,1,cup:1
train,cup,cup:cup_3_extra,dataset/images/cup/cup3_000037.jpg,images/train/cup_cup3_000037.jpg,labels/train/cup_cup3_000037.txt,1,cup:1
train,cup,cup:cup_3_extra,dataset/images/cup/cup3_000038.jpg,images/train/cup_cup3_000038.jpg,labels/train/cup_cup3_000038.txt,1,cup:1
train,cup,cup:cup_3_extra,dataset/images/cup/cup3_000039.jpg,images/train/cup_cup3_000039.jpg,labels/train/cup_cup3_000039.txt,1,cup:1
train,cup,cup:cup_3_extra,dataset/images/cup/cup3_000040.jpg,images/train/cup_cup3_000040.jpg,labels/train/cup_cup3_000040.txt,1,cup:1
train,cup,cup:cup_3_extra,dataset/images/cup/cup3_000041.jpg,images/train/cup_cup3_000041.jpg,labels/train/cup_cup3_000041.txt,1,cup:1
train,cup,cup:cup_3_extra,dataset/images/cup/cup3_000042.jpg,images/train/cup_cup3_000042.jpg,labels/train/cup_cup3_000042.txt,1,cup:1
train,cup,cup:cup_3_extra,dataset/images/cup/cup3_000043.jpg,images/train/cup_cup3_000043.jpg,labels/train/cup_cup3_000043.txt,1,cup:1
train,cup,cup:cup_3_extra,dataset/images/cup/cup3_000044.jpg,images/train/cup_cup3_000044.jpg,labels/train/cup_cup3_000044.txt,1,cup:1
train,cup,cup:cup_3_extra,dataset/images/cup/cup3_000045.jpg,images/train/cup_cup3_000045.jpg,labels/train/cup_cup3_000045.txt,1,cup:1
train,cup,cup:cup_3_extra,dataset/images/cup/cup3_000046.jpg,images/train/cup_cup3_000046.jpg,labels/train/cup_cup3_000046.txt,1,cup:1
train,cup,cup:cup_3_extra,dataset/images/cup/cup3_000047.jpg,images/train/cup_cup3_000047.jpg,labels/train/cup_cup3_000047.txt,1,cup:1
train,cup,cup:cup_3_extra,dataset/images/cup/cup3_000048.jpg,images/train/cup_cup3_000048.jpg,labels/train/cup_cup3_000048.txt,1,cup:1
train,cup,cup:cup_3_extra,dataset/images/cup/cup3_000049.jpg,images/train/cup_cup3_000049.jpg,labels/train/cup_cup3_000049.txt,1,cup:1
train,cup,cup:cup_3_extra,dataset/images/cup/cup3_000050.jpg,images/train/cup_cup3_000050.jpg,labels/train/cup_cup3_000050.txt,1,cup:1
train,cup,cup:cup_3_extra,dataset/images/cup/cup3_000051.jpg,images/train/cup_cup3_000051.jpg,labels/train/cup_cup3_000051.txt,1,cup:1
train,cup,cup:cup_3_extra,dataset/images/cup/cup3_000052.jpg,images/train/cup_cup3_000052.jpg,labels/train/cup_cup3_000052.txt,1,cup:1
train,cup,cup:cup_3_extra,dataset/images/cup/cup3_000053.jpg,images/train/cup_cup3_000053.jpg,labels/train/cup_cup3_000053.txt,1,cup:1
train,cup,cup:cup_3_extra,dataset/images/cup/cup3_000054.jpg,images/train/cup_cup3_000054.jpg,labels/train/cup_cup3_000054.txt,1,cup:1
train,cup,cup:cup_3_extra,dataset/images/cup/cup3_000055.jpg,images/train/cup_cup3_000055.jpg,labels/train/cup_cup3_000055.txt,1,cup:1
train,cup,cup:cup_3_extra,dataset/images/cup/cup3_000056.jpg,images/train/cup_cup3_000056.jpg,labels/train/cup_cup3_000056.txt,1,cup:1
train,cup,cup:cup_3_extra,dataset/images/cup/cup3_000075.jpg,images/train/cup_cup3_000075.jpg,labels/train/cup_cup3_000075.txt,1,cup:1
train,cup,cup:cup_3_extra,dataset/images/cup/cup3_000076.jpg,images/train/cup_cup3_000076.jpg,labels/train/cup_cup3_000076.txt,1,cup:1
train,cup,cup:cup_3_original,dataset/images/cup/cup_000108.jpg,images/train/cup_cup_000108.jpg,labels/train/cup_cup_000108.txt,1,cup:1
train,cup,cup:cup_3_original,dataset/images/cup/cup_000109.jpg,images/train/cup_cup_000109.jpg,labels/train/cup_cup_000109.txt,1,cup:1
train,cup,cup:cup_3_original,dataset/images/cup/cup_000110.jpg,images/train/cup_cup_000110.jpg,labels/train/cup_cup_000110.txt,1,cup:1
train,cup,cup:cup_3_original,dataset/images/cup/cup_000111.jpg,images/train/cup_cup_000111.jpg,labels/train/cup_cup_000111.txt,1,cup:1
train,cup,cup:cup_3_original,dataset/images/cup/cup_000112.jpg,images/train/cup_cup_000112.jpg,labels/train/cup_cup_000112.txt,1,cup:1
train,cup,cup:cup_3_original,dataset/images/cup/cup_000113.jpg,images/train/cup_cup_000113.jpg,labels/train/cup_cup_000113.txt,1,cup:1
train,cup,cup:cup_3_original,dataset/images/cup/cup_000114.jpg,images/train/cup_cup_000114.jpg,labels/train/cup_cup_000114.txt,1,cup:1
train,cup,cup:cup_3_original,dataset/images/cup/cup_000115.jpg,images/train/cup_cup_000115.jpg,labels/train/cup_cup_000115.txt,1,cup:1
train,cup,cup:cup_3_original,dataset/images/cup/cup_000116.jpg,images/train/cup_cup_000116.jpg,labels/train/cup_cup_000116.txt,1,cup:1
train,cup,cup:cup_3_original,dataset/images/cup/cup_000129.jpg,images/train/cup_cup_000129.jpg,labels/train/cup_cup_000129.txt,1,cup:1
train,cup,cup:cup_3_original,dataset/images/cup/cup_000130.jpg,images/train/cup_cup_000130.jpg,labels/train/cup_cup_000130.txt,1,cup:1
train,cup,cup:cup_3_original,dataset/images/cup/cup_000131.jpg,images/train/cup_cup_000131.jpg,labels/train/cup_cup_000131.txt,1,cup:1
train,cup,cup:cup_3_original,dataset/images/cup/cup_000132.jpg,images/train/cup_cup_000132.jpg,labels/train/cup_cup_000132.txt,1,cup:1
train,cup,cup:cup_3_original,dataset/images/cup/cup_000133.jpg,images/train/cup_cup_000133.jpg,labels/train/cup_cup_000133.txt,1,cup:1
train,cup,cup:cup_4_extra,dataset/images/cup/cup4_000001.jpg,images/train/cup_cup4_000001.jpg,labels/train/cup_cup4_000001.txt,1,cup:1
train,cup,cup:cup_4_extra,dataset/images/cup/cup4_000002.jpg,images/train/cup_cup4_000002.jpg,labels/train/cup_cup4_000002.txt,1,cup:1
train,cup,cup:cup_4_extra,dataset/images/cup/cup4_000003.jpg,images/train/cup_cup4_000003.jpg,labels/train/cup_cup4_000003.txt,1,cup:1
train,cup,cup:cup_4_extra,dataset/images/cup/cup4_000004.jpg,images/train/cup_cup4_000004.jpg,labels/train/cup_cup4_000004.txt,1,cup:1
train,cup,cup:cup_4_extra,dataset/images/cup/cup4_000005.jpg,images/train/cup_cup4_000005.jpg,labels/train/cup_cup4_000005.txt,1,cup:1
train,cup,cup:cup_4_extra,dataset/images/cup/cup4_000006.jpg,images/train/cup_cup4_000006.jpg,labels/train/cup_cup4_000006.txt,1,cup:1
train,cup,cup:cup_4_extra,dataset/images/cup/cup4_000007.jpg,images/train/cup_cup4_000007.jpg,labels/train/cup_cup4_000007.txt,1,cup:1
train,cup,cup:cup_4_extra,dataset/images/cup/cup4_000008.jpg,images/train/cup_cup4_000008.jpg,labels/train/cup_cup4_000008.txt,1,cup:1
train,cup,cup:cup_4_extra,dataset/images/cup/cup4_000009.jpg,images/train/cup_cup4_000009.jpg,labels/train/cup_cup4_000009.txt,1,cup:1
train,cup,cup:cup_4_extra,dataset/images/cup/cup4_000010.jpg,images/train/cup_cup4_000010.jpg,labels/train/cup_cup4_000010.txt,1,cup:1
train,cup,cup:cup_4_extra,dataset/images/cup/cup4_000011.jpg,images/train/cup_cup4_000011.jpg,labels/train/cup_cup4_000011.txt,1,cup:1
train,cup,cup:cup_4_extra,dataset/images/cup/cup4_000012.jpg,images/train/cup_cup4_000012.jpg,labels/train/cup_cup4_000012.txt,1,cup:1
train,cup,cup:cup_4_extra,dataset/images/cup/cup4_000013.jpg,images/train/cup_cup4_000013.jpg,labels/train/cup_cup4_000013.txt,1,cup:1
train,cup,cup:cup_4_extra,dataset/images/cup/cup4_000014.jpg,images/train/cup_cup4_000014.jpg,labels/train/cup_cup4_000014.txt,1,cup:1
train,cup,cup:cup_4_extra,dataset/images/cup/cup4_000015.jpg,images/train/cup_cup4_000015.jpg,labels/train/cup_cup4_000015.txt,1,cup:1
train,cup,cup:cup_4_extra,dataset/images/cup/cup4_000016.jpg,images/train/cup_cup4_000016.jpg,labels/train/cup_cup4_000016.txt,1,cup:1
train,cup,cup:cup_4_extra,dataset/images/cup/cup4_000017.jpg,images/train/cup_cup4_000017.jpg,labels/train/cup_cup4_000017.txt,1,cup:1
train,cup,cup:cup_4_extra,dataset/images/cup/cup4_000018.jpg,images/train/cup_cup4_000018.jpg,labels/train/cup_cup4_000018.txt,1,cup:1
train,cup,cup:cup_4_extra,dataset/images/cup/cup4_000019.jpg,images/train/cup_cup4_000019.jpg,labels/train/cup_cup4_000019.txt,1,cup:1
train,cup,cup:cup_4_extra,dataset/images/cup/cup4_000020.jpg,images/train/cup_cup4_000020.jpg,labels/train/cup_cup4_000020.txt,1,cup:1
train,cup,cup:cup_4_extra,dataset/images/cup/cup4_000021.jpg,images/train/cup_cup4_000021.jpg,labels/train/cup_cup4_000021.txt,1,cup:1
train,cup,cup:cup_4_extra,dataset/images/cup/cup4_000029.jpg,images/train/cup_cup4_000029.jpg,labels/train/cup_cup4_000029.txt,1,cup:1
train,cup,cup:cup_4_extra,dataset/images/cup/cup4_000036.jpg,images/train/cup_cup4_000036.jpg,labels/train/cup_cup4_000036.txt,1,cup:1
train,cup,cup:cup_4_extra,dataset/images/cup/cup4_000037.jpg,images/train/cup_cup4_000037.jpg,labels/train/cup_cup4_000037.txt,1,cup:1
train,cup,cup:cup_4_extra,dataset/images/cup/cup4_000038.jpg,images/train/cup_cup4_000038.jpg,labels/train/cup_cup4_000038.txt,1,cup:1
train,cup,cup:cup_4_extra,dataset/images/cup/cup4_000039.jpg,images/train/cup_cup4_000039.jpg,labels/train/cup_cup4_000039.txt,1,cup:1
train,cup,cup:cup_4_extra,dataset/images/cup/cup4_000040.jpg,images/train/cup_cup4_000040.jpg,labels/train/cup_cup4_000040.txt,1,cup:1
train,cup,cup:cup_4_extra,dataset/images/cup/cup4_000041.jpg,images/train/cup_cup4_000041.jpg,labels/train/cup_cup4_000041.txt,1,cup:1
train,cup,cup:cup_4_extra,dataset/images/cup/cup4_000042.jpg,images/train/cup_cup4_000042.jpg,labels/train/cup_cup4_000042.txt,1,cup:1
train,cup,cup:cup_4_extra,dataset/images/cup/cup4_000043.jpg,images/train/cup_cup4_000043.jpg,labels/train/cup_cup4_000043.txt,1,cup:1
train,cup,cup:cup_4_extra,dataset/images/cup/cup4_000044.jpg,images/train/cup_cup4_000044.jpg,labels/train/cup_cup4_000044.txt,1,cup:1
train,cup,cup:cup_4_extra,dataset/images/cup/cup4_000045.jpg,images/train/cup_cup4_000045.jpg,labels/train/cup_cup4_000045.txt,1,cup:1
train,cup,cup:cup_4_extra,dataset/images/cup/cup4_000046.jpg,images/train/cup_cup4_000046.jpg,labels/train/cup_cup4_000046.txt,1,cup:1
train,cup,cup:cup_4_extra,dataset/images/cup/cup4_000047.jpg,images/train/cup_cup4_000047.jpg,labels/train/cup_cup4_000047.txt,1,cup:1
train,cup,cup:cup_4_extra,dataset/images/cup/cup4_000053.jpg,images/train/cup_cup4_000053.jpg,labels/train/cup_cup4_000053.txt,1,cup:1
train,cup,cup:cup_4_extra,dataset/images/cup/cup4_000054.jpg,images/train/cup_cup4_000054.jpg,labels/train/cup_cup4_000054.txt,1,cup:1
train,cup,cup:cup_4_extra,dataset/images/cup/cup4_000055.jpg,images/train/cup_cup4_000055.jpg,labels/train/cup_cup4_000055.txt,1,cup:1
train,cup,cup:cup_4_extra,dataset/images/cup/cup4_000056.jpg,images/train/cup_cup4_000056.jpg,labels/train/cup_cup4_000056.txt,1,cup:1
train,cup,cup:cup_4_extra,dataset/images/cup/cup4_000057.jpg,images/train/cup_cup4_000057.jpg,labels/train/cup_cup4_000057.txt,1,cup:1
train,cup,cup:cup_4_extra,dataset/images/cup/cup4_000058.jpg,images/train/cup_cup4_000058.jpg,labels/train/cup_cup4_000058.txt,1,cup:1
train,cup,cup:cup_4_extra,dataset/images/cup/cup4_000059.jpg,images/train/cup_cup4_000059.jpg,labels/train/cup_cup4_000059.txt,1,cup:1
train,cup,cup:cup_4_extra,dataset/images/cup/cup4_000060.jpg,images/train/cup_cup4_000060.jpg,labels/train/cup_cup4_000060.txt,1,cup:1
train,cup,cup:cup_4_extra,dataset/images/cup/cup4_000061.jpg,images/train/cup_cup4_000061.jpg,labels/train/cup_cup4_000061.txt,1,cup:1
train,cup,cup:cup_4_extra,dataset/images/cup/cup4_000062.jpg,images/train/cup_cup4_000062.jpg,labels/train/cup_cup4_000062.txt,1,cup:1
train,cup,cup:cup_4_extra,dataset/images/cup/cup4_000063.jpg,images/train/cup_cup4_000063.jpg,labels/train/cup_cup4_000063.txt,1,cup:1
train,cup,cup:cup_4_extra,dataset/images/cup/cup4_000064.jpg,images/train/cup_cup4_000064.jpg,labels/train/cup_cup4_000064.txt,1,cup:1
train,cup,cup:cup_4_extra,dataset/images/cup/cup4_000065.jpg,images/train/cup_cup4_000065.jpg,labels/train/cup_cup4_000065.txt,1,cup:1
train,cup,cup:cup_4_extra,dataset/images/cup/cup4_000066.jpg,images/train/cup_cup4_000066.jpg,labels/train/cup_cup4_000066.txt,1,cup:1
train,cup,cup:cup_4_extra,dataset/images/cup/cup4_000067.jpg,images/train/cup_cup4_000067.jpg,labels/train/cup_cup4_000067.txt,1,cup:1
train,cup,cup:cup_4_original,dataset/images/cup/cup_000182.jpg,images/train/cup_cup_000182.jpg,labels/train/cup_cup_000182.txt,1,cup:1
train,cup,cup:cup_4_original,dataset/images/cup/cup_000183.jpg,images/train/cup_cup_000183.jpg,labels/train/cup_cup_000183.txt,1,cup:1
train,cup,cup:cup_4_original,dataset/images/cup/cup_000184.jpg,images/train/cup_cup_000184.jpg,labels/train/cup_cup_000184.txt,1,cup:1
train,cup,cup:cup_4_original,dataset/images/cup/cup_000185.jpg,images/train/cup_cup_000185.jpg,labels/train/cup_cup_000185.txt,1,cup:1
train,cup,cup:cup_4_original,dataset/images/cup/cup_000186.jpg,images/train/cup_cup_000186.jpg,labels/train/cup_cup_000186.txt,1,cup:1
train,laptop,laptop:laptop_1,dataset/images/laptop/laptop_000021.jpg,images/train/laptop_laptop_000021.jpg,labels/train/laptop_laptop_000021.txt,1,laptop:1
train,laptop,laptop:laptop_1,dataset/images/laptop/laptop_000022.jpg,images/train/laptop_laptop_000022.jpg,labels/train/laptop_laptop_000022.txt,1,laptop:1
train,laptop,laptop:laptop_1,dataset/images/laptop/laptop_000023.jpg,images/train/laptop_laptop_000023.jpg,labels/train/laptop_laptop_000023.txt,1,laptop:1
train,laptop,laptop:laptop_1,dataset/images/laptop/laptop_000024.jpg,images/train/laptop_laptop_000024.jpg,labels/train/laptop_laptop_000024.txt,1,laptop:1
train,laptop,laptop:laptop_1,dataset/images/laptop/laptop_000025.jpg,images/train/laptop_laptop_000025.jpg,labels/train/laptop_laptop_000025.txt,1,laptop:1
train,laptop,laptop:laptop_1,dataset/images/laptop/laptop_000026.jpg,images/train/laptop_laptop_000026.jpg,labels/train/laptop_laptop_000026.txt,1,laptop:1
train,laptop,laptop:laptop_1,dataset/images/laptop/laptop_000027.jpg,images/train/laptop_laptop_000027.jpg,labels/train/laptop_laptop_000027.txt,1,laptop:1
train,laptop,laptop:laptop_1,dataset/images/laptop/laptop_000028.jpg,images/train/laptop_laptop_000028.jpg,labels/train/laptop_laptop_000028.txt,1,laptop:1
train,laptop,laptop:laptop_1,dataset/images/laptop/laptop_000029.jpg,images/train/laptop_laptop_000029.jpg,labels/train/laptop_laptop_000029.txt,1,laptop:1
train,laptop,laptop:laptop_1,dataset/images/laptop/laptop_000030.jpg,images/train/laptop_laptop_000030.jpg,labels/train/laptop_laptop_000030.txt,1,laptop:1
train,laptop,laptop:laptop_1,dataset/images/laptop/laptop_000031.jpg,images/train/laptop_laptop_000031.jpg,labels/train/laptop_laptop_000031.txt,1,laptop:1
train,laptop,laptop:laptop_1,dataset/images/laptop/laptop_000032.jpg,images/train/laptop_laptop_000032.jpg,labels/train/laptop_laptop_000032.txt,1,laptop:1
train,laptop,laptop:laptop_1,dataset/images/laptop/laptop_000033.jpg,images/train/laptop_laptop_000033.jpg,labels/train/laptop_laptop_000033.txt,1,laptop:1
train,laptop,laptop:laptop_1,dataset/images/laptop/laptop_000034.jpg,images/train/laptop_laptop_000034.jpg,labels/train/laptop_laptop_000034.txt,1,laptop:1
train,laptop,laptop:laptop_1,dataset/images/laptop/laptop_000035.jpg,images/train/laptop_laptop_000035.jpg,labels/train/laptop_laptop_000035.txt,1,laptop:1
train,laptop,laptop:laptop_1,dataset/images/laptop/laptop_000036.jpg,images/train/laptop_laptop_000036.jpg,labels/train/laptop_laptop_000036.txt,1,laptop:1
train,laptop,laptop:laptop_1,dataset/images/laptop/laptop_000037.jpg,images/train/laptop_laptop_000037.jpg,labels/train/laptop_laptop_000037.txt,1,laptop:1
train,laptop,laptop:laptop_1,dataset/images/laptop/laptop_000038.jpg,images/train/laptop_laptop_000038.jpg,labels/train/laptop_laptop_000038.txt,1,laptop:1
train,laptop,laptop:laptop_1,dataset/images/laptop/laptop_000039.jpg,images/train/laptop_laptop_000039.jpg,labels/train/laptop_laptop_000039.txt,1,laptop:1
train,laptop,laptop:laptop_1,dataset/images/laptop/laptop_000040.jpg,images/train/laptop_laptop_000040.jpg,labels/train/laptop_laptop_000040.txt,1,laptop:1
train,laptop,laptop:laptop_1,dataset/images/laptop/laptop_000041.jpg,images/train/laptop_laptop_000041.jpg,labels/train/laptop_laptop_000041.txt,1,laptop:1
train,laptop,laptop:laptop_1,dataset/images/laptop/laptop_000042.jpg,images/train/laptop_laptop_000042.jpg,labels/train/laptop_laptop_000042.txt,1,laptop:1
train,laptop,laptop:laptop_1,dataset/images/laptop/laptop_000043.jpg,images/train/laptop_laptop_000043.jpg,labels/train/laptop_laptop_000043.txt,1,laptop:1
train,laptop,laptop:laptop_1,dataset/images/laptop/laptop_000044.jpg,images/train/laptop_laptop_000044.jpg,labels/train/laptop_laptop_000044.txt,1,laptop:1
train,laptop,laptop:laptop_2,dataset/images/laptop/laptop_000055.jpg,images/train/laptop_laptop_000055.jpg,labels/train/laptop_laptop_000055.txt,1,laptop:1
train,laptop,laptop:laptop_2,dataset/images/laptop/laptop_000056.jpg,images/train/laptop_laptop_000056.jpg,labels/train/laptop_laptop_000056.txt,1,laptop:1
train,laptop,laptop:laptop_2,dataset/images/laptop/laptop_000057.jpg,images/train/laptop_laptop_000057.jpg,labels/train/laptop_laptop_000057.txt,1,laptop:1
train,laptop,laptop:laptop_2,dataset/images/laptop/laptop_000058.jpg,images/train/laptop_laptop_000058.jpg,labels/train/laptop_laptop_000058.txt,1,laptop:1
train,laptop,laptop:laptop_2,dataset/images/laptop/laptop_000059.jpg,images/train/laptop_laptop_000059.jpg,labels/train/laptop_laptop_000059.txt,1,laptop:1
train,laptop,laptop:laptop_2,dataset/images/laptop/laptop_000060.jpg,images/train/laptop_laptop_000060.jpg,labels/train/laptop_laptop_000060.txt,1,laptop:1
train,laptop,laptop:laptop_2,dataset/images/laptop/laptop_000061.jpg,images/train/laptop_laptop_000061.jpg,labels/train/laptop_laptop_000061.txt,1,laptop:1
train,laptop,laptop:laptop_2,dataset/images/laptop/laptop_000062.jpg,images/train/laptop_laptop_000062.jpg,labels/train/laptop_laptop_000062.txt,1,laptop:1
train,laptop,laptop:laptop_2,dataset/images/laptop/laptop_000063.jpg,images/train/laptop_laptop_000063.jpg,labels/train/laptop_laptop_000063.txt,1,laptop:1
train,laptop,laptop:laptop_2,dataset/images/laptop/laptop_000064.jpg,images/train/laptop_laptop_000064.jpg,labels/train/laptop_laptop_000064.txt,1,laptop:1
train,laptop,laptop:laptop_2,dataset/images/laptop/laptop_000065.jpg,images/train/laptop_laptop_000065.jpg,labels/train/laptop_laptop_000065.txt,1,laptop:1
train,laptop,laptop:laptop_2,dataset/images/laptop/laptop_000066.jpg,images/train/laptop_laptop_000066.jpg,labels/train/laptop_laptop_000066.txt,1,laptop:1
train,laptop,laptop:laptop_2,dataset/images/laptop/laptop_000067.jpg,images/train/laptop_laptop_000067.jpg,labels/train/laptop_laptop_000067.txt,1,laptop:1
train,laptop,laptop:laptop_2,dataset/images/laptop/laptop_000068.jpg,images/train/laptop_laptop_000068.jpg,labels/train/laptop_laptop_000068.txt,1,laptop:1
train,laptop,laptop:laptop_2,dataset/images/laptop/laptop_000069.jpg,images/train/laptop_laptop_000069.jpg,labels/train/laptop_laptop_000069.txt,1,laptop:1
train,laptop,laptop:laptop_2,dataset/images/laptop/laptop_000080.jpg,images/train/laptop_laptop_000080.jpg,labels/train/laptop_laptop_000080.txt,2,mouse:1;laptop:1
train,laptop,laptop:laptop_2,dataset/images/laptop/laptop_000081.jpg,images/train/laptop_laptop_000081.jpg,labels/train/laptop_laptop_000081.txt,2,mouse:1;laptop:1
train,laptop,laptop:laptop_2,dataset/images/laptop/laptop_000082.jpg,images/train/laptop_laptop_000082.jpg,labels/train/laptop_laptop_000082.txt,2,mouse:1;laptop:1
train,laptop,laptop:laptop_2,dataset/images/laptop/laptop_000083.jpg,images/train/laptop_laptop_000083.jpg,labels/train/laptop_laptop_000083.txt,2,mouse:1;laptop:1
train,laptop,laptop:laptop_2,dataset/images/laptop/laptop_000084.jpg,images/train/laptop_laptop_000084.jpg,labels/train/laptop_laptop_000084.txt,2,mouse:1;laptop:1
train,laptop,laptop:laptop_2,dataset/images/laptop/laptop_000085.jpg,images/train/laptop_laptop_000085.jpg,labels/train/laptop_laptop_000085.txt,2,mouse:1;laptop:1
train,laptop,laptop:laptop_2,dataset/images/laptop/laptop_000086.jpg,images/train/laptop_laptop_000086.jpg,labels/train/laptop_laptop_000086.txt,2,mouse:1;laptop:1
train,laptop,laptop:laptop_2,dataset/images/laptop/laptop_000087.jpg,images/train/laptop_laptop_000087.jpg,labels/train/laptop_laptop_000087.txt,2,mouse:1;laptop:1
train,laptop,laptop:laptop_2,dataset/images/laptop/laptop_000088.jpg,images/train/laptop_laptop_000088.jpg,labels/train/laptop_laptop_000088.txt,2,mouse:1;laptop:1
train,laptop,laptop:laptop_2,dataset/images/laptop/laptop_000089.jpg,images/train/laptop_laptop_000089.jpg,labels/train/laptop_laptop_000089.txt,2,mouse:1;laptop:1
train,laptop,laptop:laptop_2,dataset/images/laptop/laptop_000090.jpg,images/train/laptop_laptop_000090.jpg,labels/train/laptop_laptop_000090.txt,2,mouse:1;laptop:1
train,laptop,laptop:laptop_2,dataset/images/laptop/laptop_000091.jpg,images/train/laptop_laptop_000091.jpg,labels/train/laptop_laptop_000091.txt,2,mouse:1;laptop:1
train,laptop,laptop:laptop_2,dataset/images/laptop/laptop_000092.jpg,images/train/laptop_laptop_000092.jpg,labels/train/laptop_laptop_000092.txt,2,mouse:1;laptop:1
train,laptop,laptop:laptop_2,dataset/images/laptop/laptop_000093.jpg,images/train/laptop_laptop_000093.jpg,labels/train/laptop_laptop_000093.txt,2,mouse:1;laptop:1
train,laptop,laptop:laptop_3,dataset/images/laptop/laptop_000116.jpg,images/train/laptop_laptop_000116.jpg,labels/train/laptop_laptop_000116.txt,2,mouse:1;laptop:1
train,laptop,laptop:laptop_3,dataset/images/laptop/laptop_000117.jpg,images/train/laptop_laptop_000117.jpg,labels/train/laptop_laptop_000117.txt,3,mouse:1;laptop:1;cup:1
train,laptop,laptop:laptop_3,dataset/images/laptop/laptop_000118.jpg,images/train/laptop_laptop_000118.jpg,labels/train/laptop_laptop_000118.txt,3,mouse:1;laptop:1;cup:1
train,laptop,laptop:laptop_3,dataset/images/laptop/laptop_000119.jpg,images/train/laptop_laptop_000119.jpg,labels/train/laptop_laptop_000119.txt,3,mouse:1;laptop:1;cup:1
train,laptop,laptop:laptop_3,dataset/images/laptop/laptop_000120.jpg,images/train/laptop_laptop_000120.jpg,labels/train/laptop_laptop_000120.txt,2,laptop:1;cup:1
train,laptop,laptop:laptop_3,dataset/images/laptop/laptop_000121.jpg,images/train/laptop_laptop_000121.jpg,labels/train/laptop_laptop_000121.txt,3,mouse:1;laptop:1;cup:1
train,laptop,laptop:laptop_3,dataset/images/laptop/laptop_000122.jpg,images/train/laptop_laptop_000122.jpg,labels/train/laptop_laptop_000122.txt,3,mouse:1;laptop:1;cup:1
train,laptop,laptop:laptop_3,dataset/images/laptop/laptop_000123.jpg,images/train/laptop_laptop_000123.jpg,labels/train/laptop_laptop_000123.txt,3,mouse:1;laptop:1;cup:1
train,laptop,laptop:laptop_3,dataset/images/laptop/laptop_000124.jpg,images/train/laptop_laptop_000124.jpg,labels/train/laptop_laptop_000124.txt,3,mouse:1;laptop:1;cup:1
train,laptop,laptop:laptop_3,dataset/images/laptop/laptop_000125.jpg,images/train/laptop_laptop_000125.jpg,labels/train/laptop_laptop_000125.txt,3,mouse:1;laptop:1;cup:1
train,laptop,laptop:laptop_3,dataset/images/laptop/laptop_000126.jpg,images/train/laptop_laptop_000126.jpg,labels/train/laptop_laptop_000126.txt,3,mouse:1;laptop:1;cup:1
train,laptop,laptop:laptop_3,dataset/images/laptop/laptop_000127.jpg,images/train/laptop_laptop_000127.jpg,labels/train/laptop_laptop_000127.txt,3,mouse:1;laptop:1;cup:1
train,laptop,laptop:laptop_3,dataset/images/laptop/laptop_000128.jpg,images/train/laptop_laptop_000128.jpg,labels/train/laptop_laptop_000128.txt,3,mouse:1;laptop:1;cup:1
train,laptop,laptop:laptop_3,dataset/images/laptop/laptop_000129.jpg,images/train/laptop_laptop_000129.jpg,labels/train/laptop_laptop_000129.txt,3,mouse:1;laptop:1;cup:1
train,laptop,laptop:laptop_3,dataset/images/laptop/laptop_000130.jpg,images/train/laptop_laptop_000130.jpg,labels/train/laptop_laptop_000130.txt,3,mouse:1;laptop:1;cup:1
train,laptop,laptop:laptop_3,dataset/images/laptop/laptop_000131.jpg,images/train/laptop_laptop_000131.jpg,labels/train/laptop_laptop_000131.txt,3,mouse:1;laptop:1;cup:1
train,laptop,laptop:laptop_3,dataset/images/laptop/laptop_000132.jpg,images/train/laptop_laptop_000132.jpg,labels/train/laptop_laptop_000132.txt,3,mouse:1;laptop:1;cup:1
train,laptop,laptop:laptop_3,dataset/images/laptop/laptop_000133.jpg,images/train/laptop_laptop_000133.jpg,labels/train/laptop_laptop_000133.txt,3,mouse:1;laptop:1;cup:1
train,laptop,laptop:laptop_3,dataset/images/laptop/laptop_000134.jpg,images/train/laptop_laptop_000134.jpg,labels/train/laptop_laptop_000134.txt,4,mouse:2;laptop:1;cup:1
train,laptop,laptop:laptop_3,dataset/images/laptop/laptop_000145.jpg,images/train/laptop_laptop_000145.jpg,labels/train/laptop_laptop_000145.txt,4,mouse:2;laptop:1;cup:1
train,laptop,laptop:laptop_3,dataset/images/laptop/laptop_000161.jpg,images/train/laptop_laptop_000161.jpg,labels/train/laptop_laptop_000161.txt,3,mouse:1;laptop:1;cup:1
train,laptop,laptop:laptop_3,dataset/images/laptop/laptop_000162.jpg,images/train/laptop_laptop_000162.jpg,labels/train/laptop_laptop_000162.txt,3,mouse:1;laptop:1;cup:1
train,laptop,laptop:laptop_4,dataset/images/laptop/laptop_000186.jpg,images/train/laptop_laptop_000186.jpg,labels/train/laptop_laptop_000186.txt,3,mouse:1;laptop:1;phone:1
train,laptop,laptop:laptop_4,dataset/images/laptop/laptop_000187.jpg,images/train/laptop_laptop_000187.jpg,labels/train/laptop_laptop_000187.txt,3,mouse:1;laptop:1;phone:1
train,laptop,laptop:laptop_4,dataset/images/laptop/laptop_000188.jpg,images/train/laptop_laptop_000188.jpg,labels/train/laptop_laptop_000188.txt,3,mouse:1;laptop:1;phone:1
train,laptop,laptop:laptop_4,dataset/images/laptop/laptop_000189.jpg,images/train/laptop_laptop_000189.jpg,labels/train/laptop_laptop_000189.txt,3,mouse:1;laptop:1;phone:1
train,laptop,laptop:laptop_4,dataset/images/laptop/laptop_000190.jpg,images/train/laptop_laptop_000190.jpg,labels/train/laptop_laptop_000190.txt,3,mouse:1;laptop:1;phone:1
train,laptop,laptop:laptop_4,dataset/images/laptop/laptop_000191.jpg,images/train/laptop_laptop_000191.jpg,labels/train/laptop_laptop_000191.txt,3,mouse:1;laptop:1;phone:1
train,laptop,laptop:laptop_4,dataset/images/laptop/laptop_000192.jpg,images/train/laptop_laptop_000192.jpg,labels/train/laptop_laptop_000192.txt,3,mouse:1;laptop:1;phone:1
train,laptop,laptop:laptop_4,dataset/images/laptop/laptop_000193.jpg,images/train/laptop_laptop_000193.jpg,labels/train/laptop_laptop_000193.txt,3,mouse:1;laptop:1;phone:1
train,laptop,laptop:laptop_4,dataset/images/laptop/laptop_000194.jpg,images/train/laptop_laptop_000194.jpg,labels/train/laptop_laptop_000194.txt,2,mouse:1;laptop:1
train,laptop,laptop:laptop_4,dataset/images/laptop/laptop_000195.jpg,images/train/laptop_laptop_000195.jpg,labels/train/laptop_laptop_000195.txt,2,mouse:1;laptop:1
train,mouse,mouse:mouse_1,dataset/images/mouse/mouse_000001.jpg,images/train/mouse_mouse_000001.jpg,labels/train/mouse_mouse_000001.txt,1,mouse:1
train,mouse,mouse:mouse_1,dataset/images/mouse/mouse_000002.jpg,images/train/mouse_mouse_000002.jpg,labels/train/mouse_mouse_000002.txt,1,mouse:1
train,mouse,mouse:mouse_1,dataset/images/mouse/mouse_000003.jpg,images/train/mouse_mouse_000003.jpg,labels/train/mouse_mouse_000003.txt,1,mouse:1
train,mouse,mouse:mouse_1,dataset/images/mouse/mouse_000004.jpg,images/train/mouse_mouse_000004.jpg,labels/train/mouse_mouse_000004.txt,1,mouse:1
train,mouse,mouse:mouse_1,dataset/images/mouse/mouse_000005.jpg,images/train/mouse_mouse_000005.jpg,labels/train/mouse_mouse_000005.txt,1,mouse:1
train,mouse,mouse:mouse_1,dataset/images/mouse/mouse_000006.jpg,images/train/mouse_mouse_000006.jpg,labels/train/mouse_mouse_000006.txt,1,mouse:1
train,mouse,mouse:mouse_1,dataset/images/mouse/mouse_000007.jpg,images/train/mouse_mouse_000007.jpg,labels/train/mouse_mouse_000007.txt,1,mouse:1
train,mouse,mouse:mouse_1,dataset/images/mouse/mouse_000008.jpg,images/train/mouse_mouse_000008.jpg,labels/train/mouse_mouse_000008.txt,1,mouse:1
train,mouse,mouse:mouse_1,dataset/images/mouse/mouse_000009.jpg,images/train/mouse_mouse_000009.jpg,labels/train/mouse_mouse_000009.txt,1,mouse:1
train,mouse,mouse:mouse_1,dataset/images/mouse/mouse_000010.jpg,images/train/mouse_mouse_000010.jpg,labels/train/mouse_mouse_000010.txt,1,mouse:1
train,mouse,mouse:mouse_1,dataset/images/mouse/mouse_000011.jpg,images/train/mouse_mouse_000011.jpg,labels/train/mouse_mouse_000011.txt,1,mouse:1
train,mouse,mouse:mouse_1,dataset/images/mouse/mouse_000012.jpg,images/train/mouse_mouse_000012.jpg,labels/train/mouse_mouse_000012.txt,1,mouse:1
train,mouse,mouse:mouse_1,dataset/images/mouse/mouse_000013.jpg,images/train/mouse_mouse_000013.jpg,labels/train/mouse_mouse_000013.txt,1,mouse:1
train,mouse,mouse:mouse_1,dataset/images/mouse/mouse_000014.jpg,images/train/mouse_mouse_000014.jpg,labels/train/mouse_mouse_000014.txt,1,mouse:1
train,mouse,mouse:mouse_1,dataset/images/mouse/mouse_000015.jpg,images/train/mouse_mouse_000015.jpg,labels/train/mouse_mouse_000015.txt,1,mouse:1
train,mouse,mouse:mouse_1,dataset/images/mouse/mouse_000016.jpg,images/train/mouse_mouse_000016.jpg,labels/train/mouse_mouse_000016.txt,2,mouse:2
train,mouse,mouse:mouse_1,dataset/images/mouse/mouse_000017.jpg,images/train/mouse_mouse_000017.jpg,labels/train/mouse_mouse_000017.txt,1,mouse:1
train,mouse,mouse:mouse_1,dataset/images/mouse/mouse_000018.jpg,images/train/mouse_mouse_000018.jpg,labels/train/mouse_mouse_000018.txt,1,mouse:1
train,mouse,mouse:mouse_2,dataset/images/mouse/mouse_000052.jpg,images/train/mouse_mouse_000052.jpg,labels/train/mouse_mouse_000052.txt,1,mouse:1
train,mouse,mouse:mouse_2,dataset/images/mouse/mouse_000053.jpg,images/train/mouse_mouse_000053.jpg,labels/train/mouse_mouse_000053.txt,1,mouse:1
train,mouse,mouse:mouse_2,dataset/images/mouse/mouse_000054.jpg,images/train/mouse_mouse_000054.jpg,labels/train/mouse_mouse_000054.txt,1,mouse:1
train,mouse,mouse:mouse_2,dataset/images/mouse/mouse_000055.jpg,images/train/mouse_mouse_000055.jpg,labels/train/mouse_mouse_000055.txt,1,mouse:1
train,mouse,mouse:mouse_2,dataset/images/mouse/mouse_000056.jpg,images/train/mouse_mouse_000056.jpg,labels/train/mouse_mouse_000056.txt,1,mouse:1
train,mouse,mouse:mouse_2,dataset/images/mouse/mouse_000057.jpg,images/train/mouse_mouse_000057.jpg,labels/train/mouse_mouse_000057.txt,1,mouse:1
train,mouse,mouse:mouse_2,dataset/images/mouse/mouse_000058.jpg,images/train/mouse_mouse_000058.jpg,labels/train/mouse_mouse_000058.txt,1,mouse:1
train,mouse,mouse:mouse_2,dataset/images/mouse/mouse_000059.jpg,images/train/mouse_mouse_000059.jpg,labels/train/mouse_mouse_000059.txt,1,mouse:1
train,mouse,mouse:mouse_2,dataset/images/mouse/mouse_000060.jpg,images/train/mouse_mouse_000060.jpg,labels/train/mouse_mouse_000060.txt,1,mouse:1
train,mouse,mouse:mouse_2,dataset/images/mouse/mouse_000061.jpg,images/train/mouse_mouse_000061.jpg,labels/train/mouse_mouse_000061.txt,1,mouse:1
train,mouse,mouse:mouse_2,dataset/images/mouse/mouse_000062.jpg,images/train/mouse_mouse_000062.jpg,labels/train/mouse_mouse_000062.txt,1,mouse:1
train,mouse,mouse:mouse_2,dataset/images/mouse/mouse_000063.jpg,images/train/mouse_mouse_000063.jpg,labels/train/mouse_mouse_000063.txt,1,mouse:1
train,mouse,mouse:mouse_2,dataset/images/mouse/mouse_000064.jpg,images/train/mouse_mouse_000064.jpg,labels/train/mouse_mouse_000064.txt,1,mouse:1
train,mouse,mouse:mouse_2,dataset/images/mouse/mouse_000065.jpg,images/train/mouse_mouse_000065.jpg,labels/train/mouse_mouse_000065.txt,1,mouse:1
train,mouse,mouse:mouse_2,dataset/images/mouse/mouse_000066.jpg,images/train/mouse_mouse_000066.jpg,labels/train/mouse_mouse_000066.txt,1,mouse:1
train,mouse,mouse:mouse_2,dataset/images/mouse/mouse_000067.jpg,images/train/mouse_mouse_000067.jpg,labels/train/mouse_mouse_000067.txt,1,mouse:1
train,mouse,mouse:mouse_2,dataset/images/mouse/mouse_000068.jpg,images/train/mouse_mouse_000068.jpg,labels/train/mouse_mouse_000068.txt,1,mouse:1
train,mouse,mouse:mouse_3,dataset/images/mouse/mouse_000107.jpg,images/train/mouse_mouse_000107.jpg,labels/train/mouse_mouse_000107.txt,1,mouse:1
train,mouse,mouse:mouse_3,dataset/images/mouse/mouse_000108.jpg,images/train/mouse_mouse_000108.jpg,labels/train/mouse_mouse_000108.txt,1,mouse:1
train,mouse,mouse:mouse_3,dataset/images/mouse/mouse_000109.jpg,images/train/mouse_mouse_000109.jpg,labels/train/mouse_mouse_000109.txt,1,mouse:1
train,mouse,mouse:mouse_3,dataset/images/mouse/mouse_000110.jpg,images/train/mouse_mouse_000110.jpg,labels/train/mouse_mouse_000110.txt,1,mouse:1
train,mouse,mouse:mouse_3,dataset/images/mouse/mouse_000111.jpg,images/train/mouse_mouse_000111.jpg,labels/train/mouse_mouse_000111.txt,1,mouse:1
train,mouse,mouse:mouse_3,dataset/images/mouse/mouse_000112.jpg,images/train/mouse_mouse_000112.jpg,labels/train/mouse_mouse_000112.txt,1,mouse:1
train,mouse,mouse:mouse_3,dataset/images/mouse/mouse_000113.jpg,images/train/mouse_mouse_000113.jpg,labels/train/mouse_mouse_000113.txt,1,mouse:1
train,mouse,mouse:mouse_3,dataset/images/mouse/mouse_000114.jpg,images/train/mouse_mouse_000114.jpg,labels/train/mouse_mouse_000114.txt,1,mouse:1
train,mouse,mouse:mouse_3,dataset/images/mouse/mouse_000115.jpg,images/train/mouse_mouse_000115.jpg,labels/train/mouse_mouse_000115.txt,1,mouse:1
train,mouse,mouse:mouse_3,dataset/images/mouse/mouse_000116.jpg,images/train/mouse_mouse_000116.jpg,labels/train/mouse_mouse_000116.txt,1,mouse:1
train,mouse,mouse:mouse_3,dataset/images/mouse/mouse_000117.jpg,images/train/mouse_mouse_000117.jpg,labels/train/mouse_mouse_000117.txt,1,mouse:1
train,mouse,mouse:mouse_3,dataset/images/mouse/mouse_000118.jpg,images/train/mouse_mouse_000118.jpg,labels/train/mouse_mouse_000118.txt,1,mouse:1
train,mouse,mouse:mouse_3,dataset/images/mouse/mouse_000119.jpg,images/train/mouse_mouse_000119.jpg,labels/train/mouse_mouse_000119.txt,1,mouse:1
train,mouse,mouse:mouse_3,dataset/images/mouse/mouse_000120.jpg,images/train/mouse_mouse_000120.jpg,labels/train/mouse_mouse_000120.txt,1,mouse:1
train,mouse,mouse:mouse_3,dataset/images/mouse/mouse_000121.jpg,images/train/mouse_mouse_000121.jpg,labels/train/mouse_mouse_000121.txt,1,mouse:1
train,mouse,mouse:mouse_3,dataset/images/mouse/mouse_000122.jpg,images/train/mouse_mouse_000122.jpg,labels/train/mouse_mouse_000122.txt,1,mouse:1
train,mouse,mouse:mouse_3,dataset/images/mouse/mouse_000123.jpg,images/train/mouse_mouse_000123.jpg,labels/train/mouse_mouse_000123.txt,1,mouse:1
train,mouse,mouse:mouse_3,dataset/images/mouse/mouse_000124.jpg,images/train/mouse_mouse_000124.jpg,labels/train/mouse_mouse_000124.txt,1,mouse:1
train,mouse,mouse:mouse_4,dataset/images/mouse/mouse_000155.jpg,images/train/mouse_mouse_000155.jpg,labels/train/mouse_mouse_000155.txt,1,mouse:1
train,mouse,mouse:mouse_4,dataset/images/mouse/mouse_000156.jpg,images/train/mouse_mouse_000156.jpg,labels/train/mouse_mouse_000156.txt,1,mouse:1
train,mouse,mouse:mouse_4,dataset/images/mouse/mouse_000157.jpg,images/train/mouse_mouse_000157.jpg,labels/train/mouse_mouse_000157.txt,1,mouse:1
train,mouse,mouse:mouse_4,dataset/images/mouse/mouse_000158.jpg,images/train/mouse_mouse_000158.jpg,labels/train/mouse_mouse_000158.txt,1,mouse:1
train,mouse,mouse:mouse_4,dataset/images/mouse/mouse_000159.jpg,images/train/mouse_mouse_000159.jpg,labels/train/mouse_mouse_000159.txt,1,mouse:1
train,mouse,mouse:mouse_4,dataset/images/mouse/mouse_000160.jpg,images/train/mouse_mouse_000160.jpg,labels/train/mouse_mouse_000160.txt,1,mouse:1
train,mouse,mouse:mouse_4,dataset/images/mouse/mouse_000161.jpg,images/train/mouse_mouse_000161.jpg,labels/train/mouse_mouse_000161.txt,1,mouse:1
train,mouse,mouse:mouse_4,dataset/images/mouse/mouse_000162.jpg,images/train/mouse_mouse_000162.jpg,labels/train/mouse_mouse_000162.txt,1,mouse:1
train,mouse,mouse:mouse_4,dataset/images/mouse/mouse_000163.jpg,images/train/mouse_mouse_000163.jpg,labels/train/mouse_mouse_000163.txt,1,mouse:1
train,mouse,mouse:mouse_4,dataset/images/mouse/mouse_000164.jpg,images/train/mouse_mouse_000164.jpg,labels/train/mouse_mouse_000164.txt,1,mouse:1
train,mouse,mouse:mouse_4,dataset/images/mouse/mouse_000165.jpg,images/train/mouse_mouse_000165.jpg,labels/train/mouse_mouse_000165.txt,1,mouse:1
train,mouse,mouse:mouse_4,dataset/images/mouse/mouse_000166.jpg,images/train/mouse_mouse_000166.jpg,labels/train/mouse_mouse_000166.txt,1,mouse:1
train,mouse,mouse:mouse_4,dataset/images/mouse/mouse_000167.jpg,images/train/mouse_mouse_000167.jpg,labels/train/mouse_mouse_000167.txt,1,mouse:1
train,mouse,mouse:mouse_4,dataset/images/mouse/mouse_000168.jpg,images/train/mouse_mouse_000168.jpg,labels/train/mouse_mouse_000168.txt,1,mouse:1
train,mouse,mouse:mouse_4,dataset/images/mouse/mouse_000169.jpg,images/train/mouse_mouse_000169.jpg,labels/train/mouse_mouse_000169.txt,1,mouse:1
train,mouse,mouse:mouse_4,dataset/images/mouse/mouse_000170.jpg,images/train/mouse_mouse_000170.jpg,labels/train/mouse_mouse_000170.txt,1,mouse:1
train,mouse,mouse:mouse_4,dataset/images/mouse/mouse_000171.jpg,images/train/mouse_mouse_000171.jpg,labels/train/mouse_mouse_000171.txt,1,mouse:1
train,mouse,mouse:mouse_4,dataset/images/mouse/mouse_000172.jpg,images/train/mouse_mouse_000172.jpg,labels/train/mouse_mouse_000172.txt,1,mouse:1
train,phone,phone:phone_1,dataset/images/phone/phone_000001.jpg,images/train/phone_phone_000001.jpg,labels/train/phone_phone_000001.txt,1,phone:1
train,phone,phone:phone_1,dataset/images/phone/phone_000002.jpg,images/train/phone_phone_000002.jpg,labels/train/phone_phone_000002.txt,1,phone:1
train,phone,phone:phone_1,dataset/images/phone/phone_000003.jpg,images/train/phone_phone_000003.jpg,labels/train/phone_phone_000003.txt,1,phone:1
train,phone,phone:phone_1,dataset/images/phone/phone_000004.jpg,images/train/phone_phone_000004.jpg,labels/train/phone_phone_000004.txt,1,phone:1
train,phone,phone:phone_1,dataset/images/phone/phone_000005.jpg,images/train/phone_phone_000005.jpg,labels/train/phone_phone_000005.txt,1,phone:1
train,phone,phone:phone_1,dataset/images/phone/phone_000006.jpg,images/train/phone_phone_000006.jpg,labels/train/phone_phone_000006.txt,1,phone:1
train,phone,phone:phone_1,dataset/images/phone/phone_000007.jpg,images/train/phone_phone_000007.jpg,labels/train/phone_phone_000007.txt,1,phone:1
train,phone,phone:phone_1,dataset/images/phone/phone_000008.jpg,images/train/phone_phone_000008.jpg,labels/train/phone_phone_000008.txt,1,phone:1
train,phone,phone:phone_1,dataset/images/phone/phone_000009.jpg,images/train/phone_phone_000009.jpg,labels/train/phone_phone_000009.txt,1,phone:1
train,phone,phone:phone_1,dataset/images/phone/phone_000010.jpg,images/train/phone_phone_000010.jpg,labels/train/phone_phone_000010.txt,1,phone:1
train,phone,phone:phone_1,dataset/images/phone/phone_000011.jpg,images/train/phone_phone_000011.jpg,labels/train/phone_phone_000011.txt,1,phone:1
train,phone,phone:phone_1,dataset/images/phone/phone_000022.jpg,images/train/phone_phone_000022.jpg,labels/train/phone_phone_000022.txt,1,phone:1
train,phone,phone:phone_1,dataset/images/phone/phone_000023.jpg,images/train/phone_phone_000023.jpg,labels/train/phone_phone_000023.txt,1,phone:1
train,phone,phone:phone_1,dataset/images/phone/phone_000024.jpg,images/train/phone_phone_000024.jpg,labels/train/phone_phone_000024.txt,1,phone:1
train,phone,phone:phone_1,dataset/images/phone/phone_000025.jpg,images/train/phone_phone_000025.jpg,labels/train/phone_phone_000025.txt,1,phone:1
train,phone,phone:phone_1,dataset/images/phone/phone_000026.jpg,images/train/phone_phone_000026.jpg,labels/train/phone_phone_000026.txt,1,phone:1
train,phone,phone:phone_1,dataset/images/phone/phone_000027.jpg,images/train/phone_phone_000027.jpg,labels/train/phone_phone_000027.txt,1,phone:1
train,phone,phone:phone_1,dataset/images/phone/phone_000028.jpg,images/train/phone_phone_000028.jpg,labels/train/phone_phone_000028.txt,1,phone:1
train,phone,phone:phone_2,dataset/images/phone/phone_000041.jpg,images/train/phone_phone_000041.jpg,labels/train/phone_phone_000041.txt,1,phone:1
train,phone,phone:phone_2,dataset/images/phone/phone_000042.jpg,images/train/phone_phone_000042.jpg,labels/train/phone_phone_000042.txt,1,phone:1
train,phone,phone:phone_2,dataset/images/phone/phone_000043.jpg,images/train/phone_phone_000043.jpg,labels/train/phone_phone_000043.txt,1,phone:1
train,phone,phone:phone_2,dataset/images/phone/phone_000044.jpg,images/train/phone_phone_000044.jpg,labels/train/phone_phone_000044.txt,1,phone:1
train,phone,phone:phone_2,dataset/images/phone/phone_000045.jpg,images/train/phone_phone_000045.jpg,labels/train/phone_phone_000045.txt,1,phone:1
train,phone,phone:phone_2,dataset/images/phone/phone_000046.jpg,images/train/phone_phone_000046.jpg,labels/train/phone_phone_000046.txt,1,phone:1
train,phone,phone:phone_2,dataset/images/phone/phone_000047.jpg,images/train/phone_phone_000047.jpg,labels/train/phone_phone_000047.txt,1,phone:1
train,phone,phone:phone_2,dataset/images/phone/phone_000048.jpg,images/train/phone_phone_000048.jpg,labels/train/phone_phone_000048.txt,1,phone:1
train,phone,phone:phone_2,dataset/images/phone/phone_000049.jpg,images/train/phone_phone_000049.jpg,labels/train/phone_phone_000049.txt,1,phone:1
train,phone,phone:phone_2,dataset/images/phone/phone_000050.jpg,images/train/phone_phone_000050.jpg,labels/train/phone_phone_000050.txt,1,phone:1
train,phone,phone:phone_2,dataset/images/phone/phone_000066.jpg,images/train/phone_phone_000066.jpg,labels/train/phone_phone_000066.txt,1,phone:1
train,phone,phone:phone_2,dataset/images/phone/phone_000067.jpg,images/train/phone_phone_000067.jpg,labels/train/phone_phone_000067.txt,1,phone:1
train,phone,phone:phone_2,dataset/images/phone/phone_000068.jpg,images/train/phone_phone_000068.jpg,labels/train/phone_phone_000068.txt,1,phone:1
train,phone,phone:phone_2,dataset/images/phone/phone_000069.jpg,images/train/phone_phone_000069.jpg,labels/train/phone_phone_000069.txt,1,phone:1
train,phone,phone:phone_2,dataset/images/phone/phone_000070.jpg,images/train/phone_phone_000070.jpg,labels/train/phone_phone_000070.txt,1,phone:1
train,phone,phone:phone_2,dataset/images/phone/phone_000071.jpg,images/train/phone_phone_000071.jpg,labels/train/phone_phone_000071.txt,1,phone:1
train,phone,phone:phone_2,dataset/images/phone/phone_000072.jpg,images/train/phone_phone_000072.jpg,labels/train/phone_phone_000072.txt,1,phone:1
train,phone,phone:phone_2,dataset/images/phone/phone_000073.jpg,images/train/phone_phone_000073.jpg,labels/train/phone_phone_000073.txt,1,phone:1
train,phone,phone:phone_2,dataset/images/phone/phone_000074.jpg,images/train/phone_phone_000074.jpg,labels/train/phone_phone_000074.txt,1,phone:1
train,phone,phone:phone_2,dataset/images/phone/phone_000075.jpg,images/train/phone_phone_000075.jpg,labels/train/phone_phone_000075.txt,1,phone:1
train,phone,phone:phone_2,dataset/images/phone/phone_000076.jpg,images/train/phone_phone_000076.jpg,labels/train/phone_phone_000076.txt,1,phone:1
train,phone,phone:phone_2,dataset/images/phone/phone_000077.jpg,images/train/phone_phone_000077.jpg,labels/train/phone_phone_000077.txt,1,phone:1
train,phone,phone:phone_2,dataset/images/phone/phone_000078.jpg,images/train/phone_phone_000078.jpg,labels/train/phone_phone_000078.txt,1,phone:1
train,phone,phone:phone_2,dataset/images/phone/phone_000079.jpg,images/train/phone_phone_000079.jpg,labels/train/phone_phone_000079.txt,1,phone:1
train,phone,phone:phone_2,dataset/images/phone/phone_000080.jpg,images/train/phone_phone_000080.jpg,labels/train/phone_phone_000080.txt,1,phone:1
train,phone,phone:phone_3,dataset/images/phone/phone_000126.jpg,images/train/phone_phone_000126.jpg,labels/train/phone_phone_000126.txt,1,phone:1
train,phone,phone:phone_3,dataset/images/phone/phone_000127.jpg,images/train/phone_phone_000127.jpg,labels/train/phone_phone_000127.txt,1,phone:1
train,phone,phone:phone_3,dataset/images/phone/phone_000128.jpg,images/train/phone_phone_000128.jpg,labels/train/phone_phone_000128.txt,1,phone:1
train,phone,phone:phone_3,dataset/images/phone/phone_000129.jpg,images/train/phone_phone_000129.jpg,labels/train/phone_phone_000129.txt,1,phone:1
train,phone,phone:phone_4,dataset/images/phone/phone_000132.jpg,images/train/phone_phone_000132.jpg,labels/train/phone_phone_000132.txt,1,phone:1
train,phone,phone:phone_4,dataset/images/phone/phone_000133.jpg,images/train/phone_phone_000133.jpg,labels/train/phone_phone_000133.txt,1,phone:1
train,phone,phone:phone_4,dataset/images/phone/phone_000134.jpg,images/train/phone_phone_000134.jpg,labels/train/phone_phone_000134.txt,1,phone:1
train,phone,phone:phone_4,dataset/images/phone/phone_000135.jpg,images/train/phone_phone_000135.jpg,labels/train/phone_phone_000135.txt,1,phone:1
train,phone,phone:phone_4,dataset/images/phone/phone_000136.jpg,images/train/phone_phone_000136.jpg,labels/train/phone_phone_000136.txt,1,phone:1
train,phone,phone:phone_4,dataset/images/phone/phone_000137.jpg,images/train/phone_phone_000137.jpg,labels/train/phone_phone_000137.txt,1,phone:1
train,phone,phone:phone_4,dataset/images/phone/phone_000138.jpg,images/train/phone_phone_000138.jpg,labels/train/phone_phone_000138.txt,1,phone:1
train,phone,phone:phone_4,dataset/images/phone/phone_000139.jpg,images/train/phone_phone_000139.jpg,labels/train/phone_phone_000139.txt,1,phone:1
train,phone,phone:phone_4,dataset/images/phone/phone_000140.jpg,images/train/phone_phone_000140.jpg,labels/train/phone_phone_000140.txt,1,phone:1
train,phone,phone:phone_4,dataset/images/phone/phone_000141.jpg,images/train/phone_phone_000141.jpg,labels/train/phone_phone_000141.txt,1,phone:1
train,phone,phone:phone_4,dataset/images/phone/phone_000142.jpg,images/train/phone_phone_000142.jpg,labels/train/phone_phone_000142.txt,1,phone:1
train,phone,phone:phone_4,dataset/images/phone/phone_000143.jpg,images/train/phone_phone_000143.jpg,labels/train/phone_phone_000143.txt,1,phone:1
train,phone,phone:phone_4,dataset/images/phone/phone_000144.jpg,images/train/phone_phone_000144.jpg,labels/train/phone_phone_000144.txt,1,phone:1
train,phone,phone:phone_4,dataset/images/phone/phone_000145.jpg,images/train/phone_phone_000145.jpg,labels/train/phone_phone_000145.txt,1,phone:1
train,phone,phone:phone_4,dataset/images/phone/phone_000146.jpg,images/train/phone_phone_000146.jpg,labels/train/phone_phone_000146.txt,1,phone:1
train,phone,phone:phone_4,dataset/images/phone/phone_000147.jpg,images/train/phone_phone_000147.jpg,labels/train/phone_phone_000147.txt,1,phone:1
train,phone,phone:phone_4,dataset/images/phone/phone_000148.jpg,images/train/phone_phone_000148.jpg,labels/train/phone_phone_000148.txt,1,phone:1
train,phone,phone:phone_4,dataset/images/phone/phone_000149.jpg,images/train/phone_phone_000149.jpg,labels/train/phone_phone_000149.txt,1,phone:1
train,phone,phone:phone_4,dataset/images/phone/phone_000150.jpg,images/train/phone_phone_000150.jpg,labels/train/phone_phone_000150.txt,1,phone:1
train,phone,phone:phone_4,dataset/images/phone/phone_000151.jpg,images/train/phone_phone_000151.jpg,labels/train/phone_phone_000151.txt,1,phone:1
train,phone,phone:phone_4,dataset/images/phone/phone_000152.jpg,images/train/phone_phone_000152.jpg,labels/train/phone_phone_000152.txt,1,phone:1
train,phone,phone:phone_4,dataset/images/phone/phone_000153.jpg,images/train/phone_phone_000153.jpg,labels/train/phone_phone_000153.txt,1,phone:1
train,phone,phone:phone_4,dataset/images/phone/phone_000154.jpg,images/train/phone_phone_000154.jpg,labels/train/phone_phone_000154.txt,1,phone:1
train,phone,phone:phone_4,dataset/images/phone/phone_000155.jpg,images/train/phone_phone_000155.jpg,labels/train/phone_phone_000155.txt,1,phone:1
train,phone,phone:phone_4,dataset/images/phone/phone_000156.jpg,images/train/phone_phone_000156.jpg,labels/train/phone_phone_000156.txt,1,phone:1
train,phone,phone:phone_4,dataset/images/phone/phone_000157.jpg,images/train/phone_phone_000157.jpg,labels/train/phone_phone_000157.txt,1,phone:1
train,phone,phone:phone_4,dataset/images/phone/phone_000158.jpg,images/train/phone_phone_000158.jpg,labels/train/phone_phone_000158.txt,1,phone:1
train,phone,phone:phone_4,dataset/images/phone/phone_000159.jpg,images/train/phone_phone_000159.jpg,labels/train/phone_phone_000159.txt,1,phone:1
train,phone,phone:phone_4,dataset/images/phone/phone_000160.jpg,images/train/phone_phone_000160.jpg,labels/train/phone_phone_000160.txt,1,phone:1
train,phone,phone:phone_4,dataset/images/phone/phone_000181.jpg,images/train/phone_phone_000181.jpg,labels/train/phone_phone_000181.txt,1,phone:1
train,phone,phone:phone_4,dataset/images/phone/phone_000182.jpg,images/train/phone_phone_000182.jpg,labels/train/phone_phone_000182.txt,1,phone:1
train,phone,phone:phone_4,dataset/images/phone/phone_000183.jpg,images/train/phone_phone_000183.jpg,labels/train/phone_phone_000183.txt,1,phone:1
train,phone,phone:phone_4,dataset/images/phone/phone_000184.jpg,images/train/phone_phone_000184.jpg,labels/train/phone_phone_000184.txt,1,phone:1
train,phone,phone:phone_4,dataset/images/phone/phone_000185.jpg,images/train/phone_phone_000185.jpg,labels/train/phone_phone_000185.txt,1,phone:1
train,phone,phone:phone_4,dataset/images/phone/phone_000186.jpg,images/train/phone_phone_000186.jpg,labels/train/phone_phone_000186.txt,1,phone:1
val,cup,cup:cup_1,dataset/images/cup/cup_000044.jpg,images/val/cup_cup_000044.jpg,labels/val/cup_cup_000044.txt,1,cup:1
val,cup,cup:cup_1,dataset/images/cup/cup_000045.jpg,images/val/cup_cup_000045.jpg,labels/val/cup_cup_000045.txt,1,cup:1
val,cup,cup:cup_1,dataset/images/cup/cup_000046.jpg,images/val/cup_cup_000046.jpg,labels/val/cup_cup_000046.txt,1,cup:1
val,cup,cup:cup_1,dataset/images/cup/cup_000047.jpg,images/val/cup_cup_000047.jpg,labels/val/cup_cup_000047.txt,1,cup:1
val,cup,cup:cup_2_extra,dataset/images/cup/cup2_000053.jpg,images/val/cup_cup2_000053.jpg,labels/val/cup_cup2_000053.txt,1,cup:1
val,cup,cup:cup_2_extra,dataset/images/cup/cup2_000054.jpg,images/val/cup_cup2_000054.jpg,labels/val/cup_cup2_000054.txt,1,cup:1
val,cup,cup:cup_2_extra,dataset/images/cup/cup2_000085.jpg,images/val/cup_cup2_000085.jpg,labels/val/cup_cup2_000085.txt,1,cup:1
val,cup,cup:cup_2_extra,dataset/images/cup/cup2_000086.jpg,images/val/cup_cup2_000086.jpg,labels/val/cup_cup2_000086.txt,1,cup:1
val,cup,cup:cup_2_extra,dataset/images/cup/cup2_000087.jpg,images/val/cup_cup2_000087.jpg,labels/val/cup_cup2_000087.txt,1,cup:1
val,cup,cup:cup_2_extra,dataset/images/cup/cup2_000088.jpg,images/val/cup_cup2_000088.jpg,labels/val/cup_cup2_000088.txt,1,cup:1
val,cup,cup:cup_2_extra,dataset/images/cup/cup2_000089.jpg,images/val/cup_cup2_000089.jpg,labels/val/cup_cup2_000089.txt,1,cup:1
val,cup,cup:cup_2_original,dataset/images/cup/cup_000078.jpg,images/val/cup_cup_000078.jpg,labels/val/cup_cup_000078.txt,1,cup:1
val,cup,cup:cup_2_original,dataset/images/cup/cup_000079.jpg,images/val/cup_cup_000079.jpg,labels/val/cup_cup_000079.txt,1,cup:1
val,cup,cup:cup_2_original,dataset/images/cup/cup_000080.jpg,images/val/cup_cup_000080.jpg,labels/val/cup_cup_000080.txt,1,cup:1
val,cup,cup:cup_3_extra,dataset/images/cup/cup3_000077.jpg,images/val/cup_cup3_000077.jpg,labels/val/cup_cup3_000077.txt,1,cup:1
val,cup,cup:cup_3_extra,dataset/images/cup/cup3_000078.jpg,images/val/cup_cup3_000078.jpg,labels/val/cup_cup3_000078.txt,1,cup:1
val,cup,cup:cup_3_extra,dataset/images/cup/cup3_000079.jpg,images/val/cup_cup3_000079.jpg,labels/val/cup_cup3_000079.txt,1,cup:1
val,cup,cup:cup_3_extra,dataset/images/cup/cup3_000080.jpg,images/val/cup_cup3_000080.jpg,labels/val/cup_cup3_000080.txt,1,cup:1
val,cup,cup:cup_3_extra,dataset/images/cup/cup3_000081.jpg,images/val/cup_cup3_000081.jpg,labels/val/cup_cup3_000081.txt,1,cup:1
val,cup,cup:cup_3_extra,dataset/images/cup/cup3_000082.jpg,images/val/cup_cup3_000082.jpg,labels/val/cup_cup3_000082.txt,1,cup:1
val,cup,cup:cup_3_extra,dataset/images/cup/cup3_000083.jpg,images/val/cup_cup3_000083.jpg,labels/val/cup_cup3_000083.txt,1,cup:1
val,cup,cup:cup_3_extra,dataset/images/cup/cup3_000084.jpg,images/val/cup_cup3_000084.jpg,labels/val/cup_cup3_000084.txt,1,cup:1
val,cup,cup:cup_3_extra,dataset/images/cup/cup3_000085.jpg,images/val/cup_cup3_000085.jpg,labels/val/cup_cup3_000085.txt,1,cup:1
val,cup,cup:cup_3_original,dataset/images/cup/cup_000134.jpg,images/val/cup_cup_000134.jpg,labels/val/cup_cup_000134.txt,1,cup:1
val,cup,cup:cup_3_original,dataset/images/cup/cup_000135.jpg,images/val/cup_cup_000135.jpg,labels/val/cup_cup_000135.txt,1,cup:1
val,cup,cup:cup_3_original,dataset/images/cup/cup_000136.jpg,images/val/cup_cup_000136.jpg,labels/val/cup_cup_000136.txt,1,cup:1
val,cup,cup:cup_4_extra,dataset/images/cup/cup4_000068.jpg,images/val/cup_cup4_000068.jpg,labels/val/cup_cup4_000068.txt,1,cup:1
val,cup,cup:cup_4_extra,dataset/images/cup/cup4_000069.jpg,images/val/cup_cup4_000069.jpg,labels/val/cup_cup4_000069.txt,1,cup:1
val,cup,cup:cup_4_extra,dataset/images/cup/cup4_000070.jpg,images/val/cup_cup4_000070.jpg,labels/val/cup_cup4_000070.txt,1,cup:1
val,cup,cup:cup_4_extra,dataset/images/cup/cup4_000071.jpg,images/val/cup_cup4_000071.jpg,labels/val/cup_cup4_000071.txt,1,cup:1
val,cup,cup:cup_4_extra,dataset/images/cup/cup4_000072.jpg,images/val/cup_cup4_000072.jpg,labels/val/cup_cup4_000072.txt,1,cup:1
val,cup,cup:cup_4_extra,dataset/images/cup/cup4_000079.jpg,images/val/cup_cup4_000079.jpg,labels/val/cup_cup4_000079.txt,1,cup:1
val,cup,cup:cup_4_extra,dataset/images/cup/cup4_000080.jpg,images/val/cup_cup4_000080.jpg,labels/val/cup_cup4_000080.txt,1,cup:1
val,cup,cup:cup_4_extra,dataset/images/cup/cup4_000081.jpg,images/val/cup_cup4_000081.jpg,labels/val/cup_cup4_000081.txt,1,cup:1
val,cup,cup:cup_4_extra,dataset/images/cup/cup4_000082.jpg,images/val/cup_cup4_000082.jpg,labels/val/cup_cup4_000082.txt,1,cup:1
val,cup,cup:cup_4_extra,dataset/images/cup/cup4_000083.jpg,images/val/cup_cup4_000083.jpg,labels/val/cup_cup4_000083.txt,2,cup:2
val,cup,cup:cup_4_original,dataset/images/cup/cup_000187.jpg,images/val/cup_cup_000187.jpg,labels/val/cup_cup_000187.txt,1,cup:1
val,laptop,laptop:laptop_1,dataset/images/laptop/laptop_000045.jpg,images/val/laptop_laptop_000045.jpg,labels/val/laptop_laptop_000045.txt,1,laptop:1
val,laptop,laptop:laptop_1,dataset/images/laptop/laptop_000046.jpg,images/val/laptop_laptop_000046.jpg,labels/val/laptop_laptop_000046.txt,1,laptop:1
val,laptop,laptop:laptop_1,dataset/images/laptop/laptop_000047.jpg,images/val/laptop_laptop_000047.jpg,labels/val/laptop_laptop_000047.txt,1,laptop:1
val,laptop,laptop:laptop_1,dataset/images/laptop/laptop_000048.jpg,images/val/laptop_laptop_000048.jpg,labels/val/laptop_laptop_000048.txt,1,laptop:1
val,laptop,laptop:laptop_1,dataset/images/laptop/laptop_000049.jpg,images/val/laptop_laptop_000049.jpg,labels/val/laptop_laptop_000049.txt,1,laptop:1
val,laptop,laptop:laptop_2,dataset/images/laptop/laptop_000094.jpg,images/val/laptop_laptop_000094.jpg,labels/val/laptop_laptop_000094.txt,2,mouse:1;laptop:1
val,laptop,laptop:laptop_2,dataset/images/laptop/laptop_000095.jpg,images/val/laptop_laptop_000095.jpg,labels/val/laptop_laptop_000095.txt,2,mouse:1;laptop:1
val,laptop,laptop:laptop_2,dataset/images/laptop/laptop_000096.jpg,images/val/laptop_laptop_000096.jpg,labels/val/laptop_laptop_000096.txt,2,mouse:1;laptop:1
val,laptop,laptop:laptop_2,dataset/images/laptop/laptop_000097.jpg,images/val/laptop_laptop_000097.jpg,labels/val/laptop_laptop_000097.txt,2,mouse:1;laptop:1
val,laptop,laptop:laptop_2,dataset/images/laptop/laptop_000098.jpg,images/val/laptop_laptop_000098.jpg,labels/val/laptop_laptop_000098.txt,2,mouse:1;laptop:1
val,laptop,laptop:laptop_2,dataset/images/laptop/laptop_000099.jpg,images/val/laptop_laptop_000099.jpg,labels/val/laptop_laptop_000099.txt,2,mouse:1;laptop:1
val,laptop,laptop:laptop_3,dataset/images/laptop/laptop_000163.jpg,images/val/laptop_laptop_000163.jpg,labels/val/laptop_laptop_000163.txt,3,mouse:1;laptop:1;cup:1
val,laptop,laptop:laptop_3,dataset/images/laptop/laptop_000164.jpg,images/val/laptop_laptop_000164.jpg,labels/val/laptop_laptop_000164.txt,3,mouse:1;laptop:1;cup:1
val,laptop,laptop:laptop_3,dataset/images/laptop/laptop_000165.jpg,images/val/laptop_laptop_000165.jpg,labels/val/laptop_laptop_000165.txt,3,mouse:1;laptop:1;cup:1
val,laptop,laptop:laptop_3,dataset/images/laptop/laptop_000166.jpg,images/val/laptop_laptop_000166.jpg,labels/val/laptop_laptop_000166.txt,3,mouse:1;laptop:1;cup:1
val,laptop,laptop:laptop_4,dataset/images/laptop/laptop_000196.jpg,images/val/laptop_laptop_000196.jpg,labels/val/laptop_laptop_000196.txt,2,mouse:1;laptop:1
val,laptop,laptop:laptop_4,dataset/images/laptop/laptop_000197.jpg,images/val/laptop_laptop_000197.jpg,labels/val/laptop_laptop_000197.txt,2,mouse:1;laptop:1
val,mouse,mouse:mouse_1,dataset/images/mouse/mouse_000019.jpg,images/val/mouse_mouse_000019.jpg,labels/val/mouse_mouse_000019.txt,1,mouse:1
val,mouse,mouse:mouse_1,dataset/images/mouse/mouse_000020.jpg,images/val/mouse_mouse_000020.jpg,labels/val/mouse_mouse_000020.txt,1,mouse:1
val,mouse,mouse:mouse_1,dataset/images/mouse/mouse_000021.jpg,images/val/mouse_mouse_000021.jpg,labels/val/mouse_mouse_000021.txt,1,mouse:1
val,mouse,mouse:mouse_1,dataset/images/mouse/mouse_000022.jpg,images/val/mouse_mouse_000022.jpg,labels/val/mouse_mouse_000022.txt,1,mouse:1
val,mouse,mouse:mouse_2,dataset/images/mouse/mouse_000069.jpg,images/val/mouse_mouse_000069.jpg,labels/val/mouse_mouse_000069.txt,1,mouse:1
val,mouse,mouse:mouse_2,dataset/images/mouse/mouse_000070.jpg,images/val/mouse_mouse_000070.jpg,labels/val/mouse_mouse_000070.txt,1,mouse:1
val,mouse,mouse:mouse_2,dataset/images/mouse/mouse_000071.jpg,images/val/mouse_mouse_000071.jpg,labels/val/mouse_mouse_000071.txt,1,mouse:1
val,mouse,mouse:mouse_2,dataset/images/mouse/mouse_000072.jpg,images/val/mouse_mouse_000072.jpg,labels/val/mouse_mouse_000072.txt,1,mouse:1
val,mouse,mouse:mouse_3,dataset/images/mouse/mouse_000125.jpg,images/val/mouse_mouse_000125.jpg,labels/val/mouse_mouse_000125.txt,1,mouse:1
val,mouse,mouse:mouse_3,dataset/images/mouse/mouse_000126.jpg,images/val/mouse_mouse_000126.jpg,labels/val/mouse_mouse_000126.txt,1,mouse:1
val,mouse,mouse:mouse_3,dataset/images/mouse/mouse_000127.jpg,images/val/mouse_mouse_000127.jpg,labels/val/mouse_mouse_000127.txt,1,mouse:1
val,mouse,mouse:mouse_3,dataset/images/mouse/mouse_000128.jpg,images/val/mouse_mouse_000128.jpg,labels/val/mouse_mouse_000128.txt,1,mouse:1
val,mouse,mouse:mouse_4,dataset/images/mouse/mouse_000173.jpg,images/val/mouse_mouse_000173.jpg,labels/val/mouse_mouse_000173.txt,1,mouse:1
val,mouse,mouse:mouse_4,dataset/images/mouse/mouse_000174.jpg,images/val/mouse_mouse_000174.jpg,labels/val/mouse_mouse_000174.txt,1,mouse:1
val,mouse,mouse:mouse_4,dataset/images/mouse/mouse_000175.jpg,images/val/mouse_mouse_000175.jpg,labels/val/mouse_mouse_000175.txt,1,mouse:1
val,mouse,mouse:mouse_4,dataset/images/mouse/mouse_000176.jpg,images/val/mouse_mouse_000176.jpg,labels/val/mouse_mouse_000176.txt,1,mouse:1
val,phone,phone:phone_1,dataset/images/phone/phone_000029.jpg,images/val/phone_phone_000029.jpg,labels/val/phone_phone_000029.txt,1,phone:1
val,phone,phone:phone_1,dataset/images/phone/phone_000030.jpg,images/val/phone_phone_000030.jpg,labels/val/phone_phone_000030.txt,1,phone:1
val,phone,phone:phone_1,dataset/images/phone/phone_000031.jpg,images/val/phone_phone_000031.jpg,labels/val/phone_phone_000031.txt,1,phone:1
val,phone,phone:phone_1,dataset/images/phone/phone_000032.jpg,images/val/phone_phone_000032.jpg,labels/val/phone_phone_000032.txt,1,phone:1
val,phone,phone:phone_2,dataset/images/phone/phone_000081.jpg,images/val/phone_phone_000081.jpg,labels/val/phone_phone_000081.txt,1,phone:1
val,phone,phone:phone_2,dataset/images/phone/phone_000082.jpg,images/val/phone_phone_000082.jpg,labels/val/phone_phone_000082.txt,1,phone:1
val,phone,phone:phone_2,dataset/images/phone/phone_000083.jpg,images/val/phone_phone_000083.jpg,labels/val/phone_phone_000083.txt,1,phone:1
val,phone,phone:phone_2,dataset/images/phone/phone_000084.jpg,images/val/phone_phone_000084.jpg,labels/val/phone_phone_000084.txt,1,phone:1
val,phone,phone:phone_2,dataset/images/phone/phone_000085.jpg,images/val/phone_phone_000085.jpg,labels/val/phone_phone_000085.txt,1,phone:1
val,phone,phone:phone_3,dataset/images/phone/phone_000130.jpg,images/val/phone_phone_000130.jpg,labels/val/phone_phone_000130.txt,1,phone:1
val,phone,phone:phone_4,dataset/images/phone/phone_000187.jpg,images/val/phone_phone_000187.jpg,labels/val/phone_phone_000187.txt,1,phone:1
val,phone,phone:phone_4,dataset/images/phone/phone_000188.jpg,images/val/phone_phone_000188.jpg,labels/val/phone_phone_000188.txt,1,phone:1
val,phone,phone:phone_4,dataset/images/phone/phone_000189.jpg,images/val/phone_phone_000189.jpg,labels/val/phone_phone_000189.txt,1,phone:1
val,phone,phone:phone_4,dataset/images/phone/phone_000190.jpg,images/val/phone_phone_000190.jpg,labels/val/phone_phone_000190.txt,1,phone:1
val,phone,phone:phone_4,dataset/images/phone/phone_000191.jpg,images/val/phone_phone_000191.jpg,labels/val/phone_phone_000191.txt,1,phone:1
val,phone,phone:phone_4,dataset/images/phone/phone_000192.jpg,images/val/phone_phone_000192.jpg,labels/val/phone_phone_000192.txt,1,phone:1
val,phone,phone:phone_4,dataset/images/phone/phone_000193.jpg,images/val/phone_phone_000193.jpg,labels/val/phone_phone_000193.txt,1,phone:1
test,cup,cup:cup_1,dataset/images/cup/cup_000048.jpg,images/test/cup_cup_000048.jpg,labels/test/cup_cup_000048.txt,1,cup:1
test,cup,cup:cup_1,dataset/images/cup/cup_000049.jpg,images/test/cup_cup_000049.jpg,labels/test/cup_cup_000049.txt,1,cup:1
test,cup,cup:cup_1,dataset/images/cup/cup_000050.jpg,images/test/cup_cup_000050.jpg,labels/test/cup_cup_000050.txt,1,cup:1
test,cup,cup:cup_1,dataset/images/cup/cup_000051.jpg,images/test/cup_cup_000051.jpg,labels/test/cup_cup_000051.txt,1,cup:1
test,cup,cup:cup_2_extra,dataset/images/cup/cup2_000090.jpg,images/test/cup_cup2_000090.jpg,labels/test/cup_cup2_000090.txt,1,cup:1
test,cup,cup:cup_2_extra,dataset/images/cup/cup2_000091.jpg,images/test/cup_cup2_000091.jpg,labels/test/cup_cup2_000091.txt,1,cup:1
test,cup,cup:cup_2_extra,dataset/images/cup/cup2_000092.jpg,images/test/cup_cup2_000092.jpg,labels/test/cup_cup2_000092.txt,1,cup:1
test,cup,cup:cup_2_extra,dataset/images/cup/cup2_000093.jpg,images/test/cup_cup2_000093.jpg,labels/test/cup_cup2_000093.txt,1,cup:1
test,cup,cup:cup_2_extra,dataset/images/cup/cup2_000094.jpg,images/test/cup_cup2_000094.jpg,labels/test/cup_cup2_000094.txt,1,cup:1
test,cup,cup:cup_2_extra,dataset/images/cup/cup2_000095.jpg,images/test/cup_cup2_000095.jpg,labels/test/cup_cup2_000095.txt,1,cup:1
test,cup,cup:cup_2_extra,dataset/images/cup/cup2_000096.jpg,images/test/cup_cup2_000096.jpg,labels/test/cup_cup2_000096.txt,1,cup:1
test,cup,cup:cup_2_original,dataset/images/cup/cup_000105.jpg,images/test/cup_cup_000105.jpg,labels/test/cup_cup_000105.txt,1,cup:1
test,cup,cup:cup_2_original,dataset/images/cup/cup_000106.jpg,images/test/cup_cup_000106.jpg,labels/test/cup_cup_000106.txt,1,cup:1
test,cup,cup:cup_2_original,dataset/images/cup/cup_000107.jpg,images/test/cup_cup_000107.jpg,labels/test/cup_cup_000107.txt,1,cup:1
test,cup,cup:cup_3_extra,dataset/images/cup/cup3_000086.jpg,images/test/cup_cup3_000086.jpg,labels/test/cup_cup3_000086.txt,1,cup:1
test,cup,cup:cup_3_extra,dataset/images/cup/cup3_000093.jpg,images/test/cup_cup3_000093.jpg,labels/test/cup_cup3_000093.txt,1,cup:1
test,cup,cup:cup_3_extra,dataset/images/cup/cup3_000094.jpg,images/test/cup_cup3_000094.jpg,labels/test/cup_cup3_000094.txt,1,cup:1
test,cup,cup:cup_3_extra,dataset/images/cup/cup3_000095.jpg,images/test/cup_cup3_000095.jpg,labels/test/cup_cup3_000095.txt,1,cup:1
test,cup,cup:cup_3_extra,dataset/images/cup/cup3_000096.jpg,images/test/cup_cup3_000096.jpg,labels/test/cup_cup3_000096.txt,1,cup:1
test,cup,cup:cup_3_extra,dataset/images/cup/cup3_000097.jpg,images/test/cup_cup3_000097.jpg,labels/test/cup_cup3_000097.txt,1,cup:1
test,cup,cup:cup_3_extra,dataset/images/cup/cup3_000098.jpg,images/test/cup_cup3_000098.jpg,labels/test/cup_cup3_000098.txt,1,cup:1
test,cup,cup:cup_3_extra,dataset/images/cup/cup3_000099.jpg,images/test/cup_cup3_000099.jpg,labels/test/cup_cup3_000099.txt,1,cup:1
test,cup,cup:cup_3_extra,dataset/images/cup/cup3_000100.jpg,images/test/cup_cup3_000100.jpg,labels/test/cup_cup3_000100.txt,1,cup:1
test,cup,cup:cup_3_original,dataset/images/cup/cup_000137.jpg,images/test/cup_cup_000137.jpg,labels/test/cup_cup_000137.txt,1,cup:1
test,cup,cup:cup_3_original,dataset/images/cup/cup_000138.jpg,images/test/cup_cup_000138.jpg,labels/test/cup_cup_000138.txt,1,cup:1
test,cup,cup:cup_3_original,dataset/images/cup/cup_000139.jpg,images/test/cup_cup_000139.jpg,labels/test/cup_cup_000139.txt,1,cup:1
test,cup,cup:cup_4_extra,dataset/images/cup/cup4_000084.jpg,images/test/cup_cup4_000084.jpg,labels/test/cup_cup4_000084.txt,1,cup:1
test,cup,cup:cup_4_extra,dataset/images/cup/cup4_000085.jpg,images/test/cup_cup4_000085.jpg,labels/test/cup_cup4_000085.txt,1,cup:1
test,cup,cup:cup_4_extra,dataset/images/cup/cup4_000086.jpg,images/test/cup_cup4_000086.jpg,labels/test/cup_cup4_000086.txt,2,cup:2
test,cup,cup:cup_4_extra,dataset/images/cup/cup4_000087.jpg,images/test/cup_cup4_000087.jpg,labels/test/cup_cup4_000087.txt,1,cup:1
test,cup,cup:cup_4_extra,dataset/images/cup/cup4_000088.jpg,images/test/cup_cup4_000088.jpg,labels/test/cup_cup4_000088.txt,1,cup:1
test,cup,cup:cup_4_extra,dataset/images/cup/cup4_000089.jpg,images/test/cup_cup4_000089.jpg,labels/test/cup_cup4_000089.txt,1,cup:1
test,cup,cup:cup_4_extra,dataset/images/cup/cup4_000090.jpg,images/test/cup_cup4_000090.jpg,labels/test/cup_cup4_000090.txt,1,cup:1
test,cup,cup:cup_4_extra,dataset/images/cup/cup4_000091.jpg,images/test/cup_cup4_000091.jpg,labels/test/cup_cup4_000091.txt,1,cup:1
test,cup,cup:cup_4_extra,dataset/images/cup/cup4_000099.jpg,images/test/cup_cup4_000099.jpg,labels/test/cup_cup4_000099.txt,1,cup:1
test,cup,cup:cup_4_extra,dataset/images/cup/cup4_000100.jpg,images/test/cup_cup4_000100.jpg,labels/test/cup_cup4_000100.txt,1,cup:1
test,cup,cup:cup_4_original,dataset/images/cup/cup_000188.jpg,images/test/cup_cup_000188.jpg,labels/test/cup_cup_000188.txt,1,cup:1
test,laptop,laptop:laptop_1,dataset/images/laptop/laptop_000050.jpg,images/test/laptop_laptop_000050.jpg,labels/test/laptop_laptop_000050.txt,1,laptop:1
test,laptop,laptop:laptop_1,dataset/images/laptop/laptop_000051.jpg,images/test/laptop_laptop_000051.jpg,labels/test/laptop_laptop_000051.txt,1,laptop:1
test,laptop,laptop:laptop_1,dataset/images/laptop/laptop_000052.jpg,images/test/laptop_laptop_000052.jpg,labels/test/laptop_laptop_000052.txt,1,laptop:1
test,laptop,laptop:laptop_1,dataset/images/laptop/laptop_000053.jpg,images/test/laptop_laptop_000053.jpg,labels/test/laptop_laptop_000053.txt,1,laptop:1
test,laptop,laptop:laptop_1,dataset/images/laptop/laptop_000054.jpg,images/test/laptop_laptop_000054.jpg,labels/test/laptop_laptop_000054.txt,1,laptop:1
test,laptop,laptop:laptop_2,dataset/images/laptop/laptop_000100.jpg,images/test/laptop_laptop_000100.jpg,labels/test/laptop_laptop_000100.txt,2,mouse:1;laptop:1
test,laptop,laptop:laptop_2,dataset/images/laptop/laptop_000101.jpg,images/test/laptop_laptop_000101.jpg,labels/test/laptop_laptop_000101.txt,2,mouse:1;laptop:1
test,laptop,laptop:laptop_2,dataset/images/laptop/laptop_000102.jpg,images/test/laptop_laptop_000102.jpg,labels/test/laptop_laptop_000102.txt,2,mouse:1;laptop:1
test,laptop,laptop:laptop_2,dataset/images/laptop/laptop_000103.jpg,images/test/laptop_laptop_000103.jpg,labels/test/laptop_laptop_000103.txt,2,mouse:1;laptop:1
test,laptop,laptop:laptop_2,dataset/images/laptop/laptop_000104.jpg,images/test/laptop_laptop_000104.jpg,labels/test/laptop_laptop_000104.txt,2,mouse:1;laptop:1
test,laptop,laptop:laptop_2,dataset/images/laptop/laptop_000105.jpg,images/test/laptop_laptop_000105.jpg,labels/test/laptop_laptop_000105.txt,2,mouse:1;laptop:1
test,laptop,laptop:laptop_3,dataset/images/laptop/laptop_000167.jpg,images/test/laptop_laptop_000167.jpg,labels/test/laptop_laptop_000167.txt,3,mouse:1;laptop:1;cup:1
test,laptop,laptop:laptop_3,dataset/images/laptop/laptop_000168.jpg,images/test/laptop_laptop_000168.jpg,labels/test/laptop_laptop_000168.txt,3,mouse:1;laptop:1;cup:1
test,laptop,laptop:laptop_3,dataset/images/laptop/laptop_000169.jpg,images/test/laptop_laptop_000169.jpg,labels/test/laptop_laptop_000169.txt,3,mouse:1;laptop:1;cup:1
test,laptop,laptop:laptop_3,dataset/images/laptop/laptop_000170.jpg,images/test/laptop_laptop_000170.jpg,labels/test/laptop_laptop_000170.txt,3,mouse:1;laptop:1;cup:1
test,laptop,laptop:laptop_4,dataset/images/laptop/laptop_000198.jpg,images/test/laptop_laptop_000198.jpg,labels/test/laptop_laptop_000198.txt,2,mouse:1;laptop:1
test,laptop,laptop:laptop_4,dataset/images/laptop/laptop_000199.jpg,images/test/laptop_laptop_000199.jpg,labels/test/laptop_laptop_000199.txt,2,mouse:1;laptop:1
test,mouse,mouse:mouse_1,dataset/images/mouse/mouse_000023.jpg,images/test/mouse_mouse_000023.jpg,labels/test/mouse_mouse_000023.txt,1,mouse:1
test,mouse,mouse:mouse_1,dataset/images/mouse/mouse_000024.jpg,images/test/mouse_mouse_000024.jpg,labels/test/mouse_mouse_000024.txt,1,mouse:1
test,mouse,mouse:mouse_1,dataset/images/mouse/mouse_000025.jpg,images/test/mouse_mouse_000025.jpg,labels/test/mouse_mouse_000025.txt,1,mouse:1
test,mouse,mouse:mouse_1,dataset/images/mouse/mouse_000051.jpg,images/test/mouse_mouse_000051.jpg,labels/test/mouse_mouse_000051.txt,1,mouse:1
test,mouse,mouse:mouse_2,dataset/images/mouse/mouse_000073.jpg,images/test/mouse_mouse_000073.jpg,labels/test/mouse_mouse_000073.txt,1,mouse:1
test,mouse,mouse:mouse_2,dataset/images/mouse/mouse_000074.jpg,images/test/mouse_mouse_000074.jpg,labels/test/mouse_mouse_000074.txt,1,mouse:1
test,mouse,mouse:mouse_2,dataset/images/mouse/mouse_000075.jpg,images/test/mouse_mouse_000075.jpg,labels/test/mouse_mouse_000075.txt,1,mouse:1
test,mouse,mouse:mouse_2,dataset/images/mouse/mouse_000106.jpg,images/test/mouse_mouse_000106.jpg,labels/test/mouse_mouse_000106.txt,1,mouse:1
test,mouse,mouse:mouse_3,dataset/images/mouse/mouse_000129.jpg,images/test/mouse_mouse_000129.jpg,labels/test/mouse_mouse_000129.txt,1,mouse:1
test,mouse,mouse:mouse_3,dataset/images/mouse/mouse_000130.jpg,images/test/mouse_mouse_000130.jpg,labels/test/mouse_mouse_000130.txt,1,mouse:1
test,mouse,mouse:mouse_3,dataset/images/mouse/mouse_000146.jpg,images/test/mouse_mouse_000146.jpg,labels/test/mouse_mouse_000146.txt,1,mouse:1
test,mouse,mouse:mouse_3,dataset/images/mouse/mouse_000147.jpg,images/test/mouse_mouse_000147.jpg,labels/test/mouse_mouse_000147.txt,1,mouse:1
test,mouse,mouse:mouse_4,dataset/images/mouse/mouse_000177.jpg,images/test/mouse_mouse_000177.jpg,labels/test/mouse_mouse_000177.txt,1,mouse:1
test,mouse,mouse:mouse_4,dataset/images/mouse/mouse_000198.jpg,images/test/mouse_mouse_000198.jpg,labels/test/mouse_mouse_000198.txt,1,mouse:1
test,mouse,mouse:mouse_4,dataset/images/mouse/mouse_000199.jpg,images/test/mouse_mouse_000199.jpg,labels/test/mouse_mouse_000199.txt,1,mouse:1
test,mouse,mouse:mouse_4,dataset/images/mouse/mouse_000200.jpg,images/test/mouse_mouse_000200.jpg,labels/test/mouse_mouse_000200.txt,1,mouse:1
test,phone,phone:phone_1,dataset/images/phone/phone_000033.jpg,images/test/phone_phone_000033.jpg,labels/test/phone_phone_000033.txt,1,phone:1
test,phone,phone:phone_1,dataset/images/phone/phone_000034.jpg,images/test/phone_phone_000034.jpg,labels/test/phone_phone_000034.txt,1,phone:1
test,phone,phone:phone_1,dataset/images/phone/phone_000035.jpg,images/test/phone_phone_000035.jpg,labels/test/phone_phone_000035.txt,1,phone:1
test,phone,phone:phone_1,dataset/images/phone/phone_000036.jpg,images/test/phone_phone_000036.jpg,labels/test/phone_phone_000036.txt,1,phone:1
test,phone,phone:phone_2,dataset/images/phone/phone_000086.jpg,images/test/phone_phone_000086.jpg,labels/test/phone_phone_000086.txt,1,phone:1
test,phone,phone:phone_2,dataset/images/phone/phone_000087.jpg,images/test/phone_phone_000087.jpg,labels/test/phone_phone_000087.txt,1,phone:1
test,phone,phone:phone_2,dataset/images/phone/phone_000088.jpg,images/test/phone_phone_000088.jpg,labels/test/phone_phone_000088.txt,1,phone:1
test,phone,phone:phone_2,dataset/images/phone/phone_000089.jpg,images/test/phone_phone_000089.jpg,labels/test/phone_phone_000089.txt,1,phone:1
test,phone,phone:phone_2,dataset/images/phone/phone_000090.jpg,images/test/phone_phone_000090.jpg,labels/test/phone_phone_000090.txt,1,phone:1
test,phone,phone:phone_3,dataset/images/phone/phone_000131.jpg,images/test/phone_phone_000131.jpg,labels/test/phone_phone_000131.txt,1,phone:1
test,phone,phone:phone_4,dataset/images/phone/phone_000194.jpg,images/test/phone_phone_000194.jpg,labels/test/phone_phone_000194.txt,1,phone:1
test,phone,phone:phone_4,dataset/images/phone/phone_000195.jpg,images/test/phone_phone_000195.jpg,labels/test/phone_phone_000195.txt,1,phone:1
test,phone,phone:phone_4,dataset/images/phone/phone_000196.jpg,images/test/phone_phone_000196.jpg,labels/test/phone_phone_000196.txt,1,phone:1
test,phone,phone:phone_4,dataset/images/phone/phone_000197.jpg,images/test/phone_phone_000197.jpg,labels/test/phone_phone_000197.txt,1,phone:1
test,phone,phone:phone_4,dataset/images/phone/phone_000198.jpg,images/test/phone_phone_000198.jpg,labels/test/phone_phone_000198.txt,1,phone:1
test,phone,phone:phone_4,dataset/images/phone/phone_000199.jpg,images/test/phone_phone_000199.jpg,labels/test/phone_phone_000199.txt,1,phone:1
test,phone,phone:phone_4,dataset/images/phone/phone_000200.jpg,images/test/phone_phone_000200.jpg,labels/test/phone_phone_000200.txt,1,phone:1
